,Name,Team,Var,VarSV
0,J.D. Martinez,Red Sox,66.23409234081184,66.23409234081184
1,Xander Bogaerts,Red Sox,48.956755632224954,48.956755632224954
2,Steve Pearce,Red Sox,45.97993055555561,45.97993055555561
3,Eduardo Nunez,Red Sox,49.62111020212762,49.62111020212762
4,Mitch Moreland,Red Sox,47.534107813475906,47.534107813475906
5,Rafael Devers,Red Sox,53.14964843750005,53.14964843750005
6,Blake Swihart,Red Sox,36.4030795847751,36.4030795847751
7,Sandy Leon,Red Sox,36.74173394458191,36.74173394458191
8,Tzu-Wei Lin,Red Sox,35.0,35.0
9,Dustin Pedroia,Red Sox,52.09609929389086,52.09609929389086
10,Mookie Betts,Red Sox,80.13935887163052,80.13935887163052
11,Andrew Benintendi,Red Sox,66.82340270551494,66.82340270551494
12,Ian Kinsler,Red Sox,58.96404009732745,58.96404009732745
13,Brock Holt,Red Sox,34.86324314702737,34.86324314702737
14,Hanley Ramirez,Red Sox,65.38550668542786,65.38550668542786
15,Jackie Bradley Jr.,Red Sox,51.95884535512881,51.95884535512881
16,Christian Vazquez,Red Sox,38.24305224602064,38.24305224602064
17,Sam Travis,Red Sox,35.0,35.0
18,Dan Butler,Red Sox,35.0,35.0
19,Daniel Murphy,Cubs,49.804550260659774,49.804550260659774
20,Ben Zobrist,Cubs,50.99337707231065,50.99337707231065
21,Albert Almora Jr.,Cubs,33.718524327680306,33.718524327680306
22,Kris Bryant,Cubs,72.27763834572964,72.27763834572964
23,David Bote,Cubs,35.0,35.0
24,Tommy La Stella,Cubs,23.93689986282575,23.93689986282575
25,Victor Caratini,Cubs,21.60573282855595,21.60573282855595
26,Kyle Schwarber,Cubs,64.01499999999987,64.01499999999987
27,Mark Zagunis,Cubs,35.0,35.0
28,Javier Baez,Cubs,64.88382445444428,64.88382445444428
29,Anthony Rizzo,Cubs,63.54446003094753,63.54446003094753
30,Jason Heyward,Cubs,47.54308720773998,47.54308720773998
31,Willson Contreras,Cubs,52.69526467124325,52.69526467124325
32,Addison Russell,Cubs,44.393567725516,44.393567725516
33,Ian Happ,Cubs,55.97126489712465,55.97126489712465
34,Efren Navarro,Cubs,20.352630938374798,20.352630938374798
35,Chris Gimenez,Cubs,28.565739574611854,28.565739574611854
36,Luke Voit,Yankees,44.03570910146611,44.03570910146611
37,Jace Peterson,Yankees,30.201456367291875,30.201456367291875
38,Aaron Judge,Yankees,75.71606587671218,75.71606587671218
39,Gleyber Torres,Yankees,54.3918005540166,54.3918005540166
40,Clint Frazier,Yankees,40.479080932784655,40.479080932784655
41,Billy McKinney,Yankees,35.0,35.0
42,Brett Gardner,Yankees,51.233030383843214,51.233030383843214
43,Tyler Austin,Yankees,69.78328741965107,69.78328741965107
44,Gary Sanchez,Yankees,88.0791884705921,88.0791884705921
45,Kyle Higashioka,Yankees,35.0,35.0
46,Shane Robinson,Yankees,18.705806408741164,18.705806408741164
47,Ronald Torreyes,Yankees,28.43454265075879,28.43454265075879
48,Miguel Andujar,Yankees,56.8775497550995,56.8775497550995
49,Giancarlo Stanton,Yankees,75.00133848852028,75.00133848852028
50,Didi Gregorius,Yankees,48.25535397145379,48.25535397145379
51,Austin Romine,Yankees,31.27197868441364,31.27197868441364
52,Aaron Hicks,Yankees,48.90910415326173,48.90910415326173
53,Neil Walker,Yankees,48.243854838902706,48.243854838902706
54,Greg Bird,Yankees,53.188333741815796,53.188333741815796
55,Tyler Wade,Yankees,16.153388429752074,16.153388429752074
56,Brandon Drury,Yankees,43.868843537414996,43.868843537414996
57,Matt Chapman,Athletics,61.30026467993328,61.30026467993328
58,Marcus Semien,Athletics,44.63722387467766,44.63722387467766
59,Stephen Piscotty,Athletics,49.35990871282064,49.35990871282064
60,Jonathan Lucroy,Athletics,44.43740780685719,44.43740780685719
61,Franklin Barreto,Athletics,35.0,35.0
62,Dustin Fowler,Athletics,52.62851196670135,52.62851196670135
63,Matt Joyce,Athletics,46.7788910745024,46.7788910745024
64,Bruce Maxwell,Athletics,25.59749519499042,25.59749519499042
65,Trayce Thompson,Athletics,38.95066801230306,38.95066801230306
66,Ramon Laureano,Athletics,35.0,35.0
67,Jed Lowrie,Athletics,43.602960219488345,43.602960219488345
68,Nick Martini,Athletics,35.0,35.0
69,Chad Pinder,Athletics,52.331057228993345,52.331057228993345
70,Khris Davis,Athletics,68.60272491349521,68.60272491349521
71,Mark Canha,Athletics,48.11333333333338,48.11333333333338
72,Matt Olson,Athletics,62.26939158016149,62.26939158016149
73,Josh Phegley,Athletics,34.33363379604594,34.33363379604594
74,Boog Powell,Athletics,31.91037058316576,31.91037058316576
75,Jake Smolinski,Athletics,31.68945224083292,31.68945224083292
76,Leonys Martin,Indians,44.14408933152258,44.14408933152258
77,Yandy Diaz,Indians,38.34090909090909,38.34090909090909
78,Jose Ramirez,Indians,68.49438143025802,68.49438143025802
79,Erik Gonzalez,Indians,27.44523115368592,27.44523115368592
80,Tyler Naquin,Indians,42.20751770095787,42.20751770095787
81,Yonder Alonso,Indians,43.01370184121798,43.01370184121798
82,Greg Allen,Indians,31.45803646902545,31.45803646902545
83,Jason Kipnis,Indians,53.65074293185365,53.65074293185365
84,Brandon Guyer,Indians,35.91404361784375,35.91404361784375
85,Lonnie Chisenhall,Indians,47.35989048134097,47.35989048134097
86,Michael Brantley,Indians,45.95842624152246,45.95842624152246
87,Francisco Lindor,Indians,64.45431303822703,64.45431303822703
88,Melky Cabrera,Indians,45.72310099451279,45.72310099451279
89,Yan Gomes,Indians,44.8585715849496,44.8585715849496
90,Rajai Davis,Indians,52.16708043782932,52.16708043782932
91,Edwin Encarnacion,Indians,64.81401379146786,64.81401379146786
92,Bradley Zimmer,Indians,45.50705951302683,45.50705951302683
93,Roberto Perez,Indians,32.974347847649206,32.974347847649206
94,Matt Kemp,Dodgers,63.71271723628332,63.71271723628332
95,Manny Machado,Dodgers,65.73975931166603,65.73975931166603
96,Yasiel Puig,Dodgers,58.37891895442277,58.37891895442277
97,Andrew Toles,Dodgers,45.2959707950244,45.2959707950244
98,Joc Pederson,Dodgers,51.22472054111777,51.22472054111777
99,Chase Utley,Dodgers,57.74101557926052,57.74101557926052
100,Brian Dozier,Dodgers,57.5348631021541,57.5348631021541
101,Tim Locastro,Dodgers,35.0,35.0
102,Justin Turner,Dodgers,44.48660850496388,44.48660850496388
103,Alex Verdugo,Dodgers,35.0,35.0
104,Corey Seager,Dodgers,61.67935409457896,61.67935409457896
105,Cody Bellinger,Dodgers,74.43111512855825,74.43111512855825
106,Max Muncy,Dodgers,48.62274125336401,48.62274125336401
107,Chris Taylor,Dodgers,54.02552190376757,54.02552190376757
108,Yasmani Grandal,Dodgers,54.60770437024319,54.60770437024319
109,Kyle Farmer,Dodgers,8.962647928994075,8.962647928994075
110,Enrique Hernandez,Dodgers,35.93994685939022,35.93994685939022
111,Logan Forsythe,Dodgers,41.76806207239277,41.76806207239277
112,Austin Barnes,Dodgers,28.794836101523646,28.794836101523646
113,Breyvic Valera,Dodgers,35.0,35.0
114,Nick Markakis,Braves,42.82849870335542,42.82849870335542
115,Charlie Culberson,Braves,30.551909100705345,30.551909100705345
116,Ozzie Albies,Braves,63.15751643535424,63.15751643535424
117,Kurt Suzuki,Braves,38.504455271426394,38.504455271426394
118,Preston Tucker,Braves,38.82239999999998,38.82239999999998
119,Lane Adams,Braves,23.323335706657165,23.323335706657165
120,Ryan Flaherty,Braves,34.617366850321346,34.617366850321346
121,Danny Santana,Braves,45.62235086342217,45.62235086342217
122,Carlos Perez,Braves,35.502026052517124,35.502026052517124
123,Michael Reed,Braves,35.0,35.0
124,Freddie Freeman,Braves,58.71792806183112,58.71792806183112
125,Ronald Acuna,Braves,85.75979271452522,85.75979271452522
126,Johan Camargo,Braves,41.69969663615126,41.69969663615126
127,Ender Inciarte,Braves,45.47760865847398,45.47760865847398
128,Dansby Swanson,Braves,39.99413876802277,39.99413876802277
129,Tyler Flowers,Braves,39.692769423339335,39.692769423339335
130,Chris Stewart,Braves,17.44047526635489,17.44047526635489
131,Peter Bourjos,Braves,34.34544347191545,34.34544347191545
132,Jose Bautista,Braves,63.072668997245046,63.072668997245046
133,Adam Duvall,Braves,53.675913031477904,53.675913031477904
134,Jose Altuve,Astros,57.03701249400637,57.03701249400637
135,Alex Bregman,Astros,54.482133999433124,54.482133999433124
136,Tony Kemp,Astros,29.88888888888885,29.88888888888885
137,Marwin Gonzalez,Astros,43.00038659211523,43.00038659211523
138,Josh Reddick,Astros,54.949033896495855,54.949033896495855
139,Evan Gattis,Astros,60.58938248267168,60.58938248267168
140,Jake Marisnick,Astros,41.44672869096425,41.44672869096425
141,Tim Federowicz,Astros,26.945375878853437,26.945375878853437
142,J.D. Davis,Astros,30.160661157024805,30.160661157024805
143,Derek Fisher,Astros,37.066371191135715,37.066371191135715
144,Tyler White,Astros,61.333458434978425,61.333458434978425
145,Yulieski Gurriel,Astros,47.30462369798042,47.30462369798042
146,George Springer,Astros,65.38981666871781,65.38981666871781
147,Carlos Correa,Astros,69.22533612073532,69.22533612073532
148,Max Stassi,Astros,36.053009943563595,36.053009943563595
149,Martin Maldonado,Astros,39.43611953965464,39.43611953965464
150,Brian McCann,Astros,55.38949151912728,55.38949151912728
151,Kyle Tucker,Astros,35.0,35.0
152,Jose Martinez,Cardinals,56.48857728327311,56.48857728327311
153,Harrison Bader,Cardinals,43.84729138373329,43.84729138373329
154,Yairo Munoz,Cardinals,38.19631171921477,38.19631171921477
155,Yadier Molina,Cardinals,39.46982582490171,39.46982582490171
156,Jedd Gyorko,Cardinals,49.877362335466835,49.877362335466835
157,Kolten Wong,Cardinals,39.64117714376704,39.64117714376704
158,Paul DeJong,Cardinals,51.95198745881595,51.95198745881595
159,Francisco Pena,Cardinals,33.620891161431686,33.620891161431686
160,Luke Voit,Cardinals,44.03570910146611,44.03570910146611
161,Matt Adams,Cardinals,52.36380355489464,52.36380355489464
162,Carson Kelly,Cardinals,8.658163265306124,8.658163265306124
163,Patrick Wisdom,Cardinals,35.0,35.0
164,Marcell Ozuna,Cardinals,52.20105749814003,52.20105749814003
165,Matt Carpenter,Cardinals,54.68226765016636,54.68226765016636
166,Tyler O'Neill,Cardinals,35.0,35.0
167,Tommy Pham,Cardinals,67.08773485086805,67.08773485086805
168,Greg Garcia,Cardinals,18.06507054352357,18.06507054352357
169,Steven Baron,Cardinals,35.0,35.0
170,Dexter Fowler,Cardinals,50.54783758021228,50.54783758021228
171,Jose Adolis Garcia,Cardinals,35.0,35.0
172,Juan Graterol,Angels,10.788347205707492,10.788347205707492
173,Andrelton Simmons,Angels,36.29858795443712,36.29858795443712
174,Francisco Arcia,Angels,35.0,35.0
175,David Fletcher,Angels,26.464600655076847,26.464600655076847
176,Justin Upton,Angels,63.77274923331099,63.77274923331099
177,Rene Rivera,Angels,33.363761763415404,33.363761763415404
178,Eric Young Jr.,Angels,40.52181396484375,40.52181396484375
179,Martin Maldonado,Angels,39.43611953965464,39.43611953965464
180,Jefry Marte,Angels,40.104935137690134,40.104935137690134
181,Luis Valbuena,Angels,42.69019430522632,42.69019430522632
182,Chris Young,Angels,56.77866486505358,56.77866486505358
183,Kaleb Cowart,Angels,24.216448423994592,24.216448423994592
184,Jabari Blash,Angels,27.793782702369942,27.793782702369942
185,Mike Trout,Angels,74.20919833889293,74.20919833889293
186,Jose Briceno,Angels,35.0,35.0
187,Jose  Miguel Fernandez,Angels,35.0,35.0
188,Shohei Ohtani,Angels,68.07609988109395,68.07609988109395
189,Albert Pujols,Angels,71.90419143538668,71.90419143538668
190,Ian Kinsler,Angels,58.96404009732745,58.96404009732745
191,Kole Calhoun,Angels,53.87352289184639,53.87352289184639
192,Zack Cozart,Angels,47.298825905819776,47.298825905819776
193,Ryan Schimpf,Angels,71.139247535749,71.139247535749
194,Taylor Ward,Angels,35.0,35.0
195,Michael Hermosillo,Angels,35.0,35.0
196,Nolan Fontana,Angels,35.0,35.0
197,Lorenzo Cain,Brewers,52.53621106138212,52.53621106138212
198,Mike Moustakas,Brewers,48.62669375527236,48.62669375527236
199,Erik Kratz,Brewers,32.27677816688809,32.27677816688809
200,Jonathan Villar,Brewers,56.09670213103251,56.09670213103251
201,Ryan Braun,Brewers,77.15661534098072,77.15661534098072
202,Travis Shaw,Brewers,61.7062326388889,61.7062326388889
203,Ji-Man Choi,Brewers,36.39309999999997,36.39309999999997
204,Eric Thames,Brewers,56.46313090850806,56.46313090850806
205,Jonathan Schoop,Brewers,49.747144220579855,49.747144220579855
206,Keon Broxton,Brewers,58.77635192871094,58.77635192871094
207,Jett Bandy,Brewers,32.557322485207074,32.557322485207074
208,Christian Yelich,Brewers,53.910961612512985,53.910961612512985
209,Jesus Aguilar,Brewers,65.24809329390222,65.24809329390222
210,Hernan Perez,Brewers,42.521672562358376,42.521672562358376
211,Tyler Saladino,Brewers,33.10571988662616,33.10571988662616
212,Manny Pina,Brewers,35.78204076962684,35.78204076962684
213,Domingo Santana,Brewers,50.562921125644145,50.562921125644145
214,Brad Miller,Brewers,42.22771626297584,42.22771626297584
215,Orlando Arcia,Brewers,36.25233717067143,36.25233717067143
216,Jacob Nottingham,Brewers,35.0,35.0
217,Brett Phillips,Brewers,31.3422222222222,31.3422222222222
218,Eric Sogard,Brewers,25.211472602739725,25.211472602739725
219,Howie Kendrick,Nationals,45.83068957196193,45.83068957196193
220,Adam Eaton,Nationals,46.475887096774166,46.475887096774166
221,Juan Soto,Nationals,65.5558641585658,65.5558641585658
222,Ryan Zimmerman,Nationals,59.33874321790858,59.33874321790858
223,Andrew Stevenson,Nationals,21.044897959183672,21.044897959183672
224,Mark Reynolds,Nationals,62.313169573988226,62.313169573988226
225,Wilmer Difo,Nationals,29.389276520402053,29.389276520402053
226,Michael A. Taylor,Nationals,53.41841508267374,53.41841508267374
227,Brian Goodwin,Nationals,50.44763749380656,50.44763749380656
228,Adrian Sanchez,Nationals,35.0,35.0
229,Moises Sierra,Nationals,28.86513104156455,28.86513104156455
230,Matt Reynolds,Nationals,19.3426746853494,19.3426746853494
231,Daniel Murphy,Nationals,49.804550260659774,49.804550260659774
232,Anthony Rendon,Nationals,56.85060410778779,56.85060410778779
233,Trea Turner,Nationals,83.89733633328525,83.89733633328525
234,Matt Adams,Nationals,52.36380355489464,52.36380355489464
235,Bryce Harper,Nationals,67.4759832182376,67.4759832182376
236,Matt Wieters,Nationals,47.98922706201595,47.98922706201595
237,Spencer Kieboom,Nationals,35.0,35.0
238,Pedro Severino,Nationals,18.268742190753844,18.268742190753844
239,Curt Casali,Reds,42.62929135417447,42.62929135417447
240,Jesse Winker,Reds,32.77503243944636,32.77503243944636
241,Phillip Ervin,Reds,43.45953360768175,43.45953360768175
242,Joey Votto,Reds,58.546589369220804,58.546589369220804
243,Tucker Barnhart,Reds,29.817370193437306,29.817370193437306
244,Alex Blandino,Reds,11.154379332073095,11.154379332073095
245,Adam Duvall,Reds,53.675913031477904,53.675913031477904
246,Preston Tucker,Reds,38.82239999999998,38.82239999999998
247,Rosell Herrera,Reds,22.948974609375,22.948974609375
248,Phil Gosselin,Reds,21.53371140516709,21.53371140516709
249,Scooter Gennett,Reds,51.92850366929999,51.92850366929999
250,Eugenio Suarez,Reds,55.37077619718895,55.37077619718895
251,Jose Peraza,Reds,45.03537457307938,45.03537457307938
252,Mason Williams,Reds,26.397928994082847,26.397928994082847
253,Scott Schebler,Reds,58.05910265807656,58.05910265807656
254,Billy Hamilton,Reds,59.45389074578142,59.45389074578142
255,Devin Mesoraco,Reds,46.10397575007967,46.10397575007967
256,Brandon Dixon,Reds,17.404124345952592,17.404124345952592
257,Dilson Herrera,Reds,42.25809261140948,42.25809261140948
258,Tony Cruz,Reds,18.238848940311417,18.238848940311417
259,Cliff Pennington,Reds,32.51445789905176,32.51445789905176
260,Matt Duffy,Rays,39.78843056189403,39.78843056189403
261,Joey Wendle,Rays,39.05346606008739,39.05346606008739
262,Michael Perez,Rays,35.0,35.0
263,Christian Arroyo,Rays,29.395061728395053,29.395061728395053
264,Adeiny Hechavarria,Rays,29.41860527668992,29.41860527668992
265,Brad Miller,Rays,42.22771626297584,42.22771626297584
266,Denard Span,Rays,46.80447827675407,46.80447827675407
267,Johnny Field,Rays,44.35191430271772,44.35191430271772
268,Jesus Sucre,Rays,24.7707100591716,24.7707100591716
269,Kevin Kiermaier,Rays,51.18274909172516,51.18274909172516
270,Brandon Snyder,Rays,27.194302606826174,27.194302606826174
271,Mallex Smith,Rays,50.2536449192245,50.2536449192245
272,Wilson Ramos,Rays,48.68676157844995,48.68676157844995
273,Tommy Pham,Rays,67.08773485086805,67.08773485086805
274,Ji-Man Choi,Rays,36.39309999999997,36.39309999999997
275,Daniel Robertson,Rays,34.41544657307386,34.41544657307386
276,C.J. Cron,Rays,55.84113922902499,55.84113922902499
277,Willy Adames,Rays,46.19017523700085,46.19017523700085
278,Carlos Gomez,Rays,54.209183854903294,54.209183854903294
279,Brandon Lowe,Rays,35.0,35.0
280,Jake Bauers,Rays,61.96111882562984,61.96111882562984
281,Adam Moore,Rays,23.05966264056642,23.05966264056642
282,Rob Refsnyder,Rays,21.39457831325301,21.39457831325301
283,Kristopher Negron,Diamondbacks,33.766581632653036,33.766581632653036
284,Paul Goldschmidt,Diamondbacks,70.29325887206649,70.29325887206649
285,A.J. Pollock,Diamondbacks,68.32618597547935,68.32618597547935
286,Ketel Marte,Diamondbacks,36.60219556360342,36.60219556360342
287,Steven Souza Jr.,Diamondbacks,59.88679505017172,59.88679505017172
288,Jake Lamb,Diamondbacks,51.56407599999992,51.56407599999992
289,Chris Owings,Diamondbacks,42.57080881243388,42.57080881243388
290,Christian Walker,Diamondbacks,35.0,35.0
291,Deven Marrero,Diamondbacks,26.46675212305723,26.46675212305723
292,Socrates Brito,Diamondbacks,29.362718089990825,29.362718089990825
293,David Peralta,Diamondbacks,58.24993232155475,58.24993232155475
294,Eduardo Escobar,Diamondbacks,46.183186637418125,46.183186637418125
295,Jon Jay,Diamondbacks,31.669418423408416,31.669418423408416
296,Daniel Descalso,Diamondbacks,31.251336284653853,31.251336284653853
297,Nick Ahmed,Diamondbacks,43.22161587021273,43.22161587021273
298,Jeff Mathis,Diamondbacks,29.806365105581737,29.806365105581737
299,John Ryan Murphy,Diamondbacks,28.260518826395927,28.260518826395927
300,Jarrod Dyson,Diamondbacks,34.54190126494385,34.54190126494385
301,Alex Avila,Diamondbacks,40.094894375456406,40.094894375456406
302,Shin-Soo Choo,Rangers,55.91099745123757,55.91099745123757
303,Adrian Beltre,Rangers,57.87583665535814,57.87583665535814
304,Rougned Odor,Rangers,62.54665587213715,62.54665587213715
305,Nomar Mazara,Rangers,46.788561116212655,46.788561116212655
306,Jose Trevino,Rangers,35.0,35.0
307,Robinson Chirinos,Rangers,49.654045937829665,49.654045937829665
308,Delino DeShields,Rangers,41.83499374999988,41.83499374999988
309,Ryan Rua,Rangers,35.857810751771545,35.857810751771545
310,Renato Nunez,Rangers,23.632568359375,23.632568359375
311,Juan Centeno,Rangers,28.30403376349323,28.30403376349323
312,Willie Calhoun,Rangers,35.0,35.0
313,Isiah Kiner-Falefa,Rangers,40.4468085106383,40.4468085106383
314,Elvis Andrus,Rangers,43.603357270182535,43.603357270182535
315,Jurickson Profar,Rangers,36.83555976331365,36.83555976331365
316,Ronald Guzman,Rangers,53.156478277585535,53.156478277585535
317,Joey Gallo,Rangers,67.76047858558182,67.76047858558182
318,Carlos Tocci,Rangers,10.058263971462553,10.058263971462553
319,Drew Robinson,Rangers,23.18550567874527,23.18550567874527
320,Carlos Perez,Rangers,35.502026052517124,35.502026052517124
321,Hanser Alberto,Rangers,9.90184414039263,9.90184414039263
322,Austin Meadows,Pirates,35.0,35.0
323,David Freese,Pirates,38.29450105120103,38.29450105120103
324,Colin Moran,Pirates,32.990617283950606,32.990617283950606
325,Francisco Cervelli,Pirates,34.50691348498714,34.50691348498714
326,Josh Bell,Pirates,44.07045805261768,44.07045805261768
327,Gregory Polanco,Pirates,54.01205936920215,54.01205936920215
328,Kevin Newman,Pirates,35.0,35.0
329,Jordan Luplow,Pirates,35.0,35.0
330,Corey Dickerson,Pirates,59.56100530404989,59.56100530404989
331,Elias Diaz,Pirates,34.978426899424704,34.978426899424704
332,Adam Frazier,Pirates,43.19365616068926,43.19365616068926
333,Starling Marte,Pirates,59.28151277745514,59.28151277745514
334,Jordy Mercer,Pirates,35.00161314599956,35.00161314599956
335,Josh Harrison,Pirates,44.36044093507771,44.36044093507771
336,Adeiny Hechavarria,Pirates,29.41860527668992,29.41860527668992
337,Jose Osuna,Pirates,34.10052350189348,34.10052350189348
338,Max Moroff,Pirates,35.485827664399075,35.485827664399075
339,Sean Rodriguez,Pirates,35.254749748932,35.254749748932
340,Jacob Stallings,Pirates,35.0,35.0
341,Zach Vincej,Mariners,35.0,35.0
342,Jean Segura,Mariners,54.14257850670633,54.14257850670633
343,Ben Gamel,Mariners,38.97575767509709,38.97575767509709
344,Robinson Cano,Mariners,56.49875080271648,56.49875080271648
345,Taylor Motter,Mariners,37.9547708787939,37.9547708787939
346,Ryon Healy,Mariners,60.83252252170032,60.83252252170032
347,Gordon Beckham,Mariners,36.40506455643486,36.40506455643486
348,Guillermo Heredia,Mariners,23.11280569023392,23.11280569023392
349,Andrew Romine,Mariners,21.377434828446923,21.377434828446923
350,Cameron Maybin,Mariners,44.99860993353435,44.99860993353435
351,Mike Zunino,Mariners,48.74725976975484,48.74725976975484
352,Mike Marjama,Mariners,35.0,35.0
353,Denard Span,Mariners,46.80447827675407,46.80447827675407
354,Mitch Haniger,Mariners,62.37152366863901,62.37152366863901
355,Dee Gordon,Mariners,53.641923356074926,53.641923356074926
356,Nelson Cruz,Mariners,68.09357888491101,68.09357888491101
357,Chris Herrmann,Mariners,35.59790598443826,35.59790598443826
358,Kyle Seager,Mariners,54.99423916224274,54.99423916224274
359,Dan Vogelbach,Mariners,35.0,35.0
360,Ichiro Suzuki,Mariners,48.8789193091836,48.8789193091836
361,John Andreoli,Mariners,35.0,35.0
362,David Freitas,Mariners,35.0,35.0
363,Jeff McNeil,Mets,35.0,35.0
364,Jack Reinheimer,Mets,35.0,35.0
365,Wilmer Flores,Mets,44.353723888917855,44.353723888917855
366,Yoenis Cespedes,Mets,66.12627336693956,66.12627336693956
367,Adrian Gonzalez,Mets,59.55973799651436,59.55973799651436
368,Michael Conforto,Mets,57.877193750000096,57.877193750000096
369,Jay Bruce,Mets,65.27586620265807,65.27586620265807
370,Luis Guillorme,Mets,35.0,35.0
371,Jose Reyes,Mets,61.588859847292895,61.588859847292895
372,Dominic Smith,Mets,39.31746031746034,39.31746031746034
373,Jose Lobaton,Mets,26.544610350981472,26.544610350981472
374,Tomas Nido,Mets,35.0,35.0
375,Juan Lagares,Mets,34.534350920447565,34.534350920447565
376,Austin Jackson,Mets,44.160340854600626,44.160340854600626
377,Asdrubal Cabrera,Mets,49.32786720256151,49.32786720256151
378,Brandon Nimmo,Mets,54.58493685115377,54.58493685115377
379,Amed Rosario,Mets,45.23644537587888,45.23644537587888
380,Kevin Plawecki,Mets,30.754734449962125,30.754734449962125
381,Todd Frazier,Mets,58.970083862461,58.970083862461
382,Devin Mesoraco,Mets,46.10397575007967,46.10397575007967
383,Jose Bautista,Mets,63.072668997245046,63.072668997245046
384,Travis d'Arnaud,Mets,44.0540574493879,44.0540574493879
385,Phillip Evans,Mets,35.0,35.0
386,Jose Bautista,Phillies,63.072668997245046,63.072668997245046
387,Roman Quinn,Phillies,35.0,35.0
388,Maikel Franco,Phillies,57.0308157453141,57.0308157453141
389,Pedro Florimon,Phillies,28.342624653739623,28.342624653739623
390,Cesar Hernandez,Phillies,37.071150250696036,37.071150250696036
391,Jorge Alfaro,Phillies,34.877869822485195,34.877869822485195
392,Justin Bour,Phillies,52.84236135413962,52.84236135413962
393,Carlos Santana,Phillies,51.99295744000007,51.99295744000007
394,Andrew Knapp,Phillies,28.47001599999998,28.47001599999998
395,J.P. Crawford,Phillies,30.142813173284082,30.142813173284082
396,Aaron Altherr,Phillies,56.378511268452726,56.378511268452726
397,Dylan Cozens,Phillies,35.0,35.0
398,Wilson Ramos,Phillies,48.68676157844995,48.68676157844995
399,Odubel Herrera,Phillies,51.403264186333054,51.403264186333054
400,Nick Williams,Phillies,47.414735466405254,47.414735466405254
401,Rhys Hoskins,Phillies,71.58729686880697,71.58729686880697
402,Trevor Plouffe,Phillies,45.461693871477316,45.461693871477316
403,Scott Kingery,Phillies,30.748099676118713,30.748099676118713
404,Asdrubal Cabrera,Phillies,49.32786720256151,49.32786720256151
405,Jesmuel Valentin,Phillies,35.0,35.0
406,Gregorio Petit,Twins,20.47860491504667,20.47860491504667
407,Tyler Austin,Twins,69.78328741965107,69.78328741965107
408,Jorge Polanco,Twins,38.49976331360954,38.49976331360954
409,Willians Astudillo,Twins,35.0,35.0
410,Ryan LaMarre,Twins,21.75111111111116,21.75111111111116
411,Robbie Grossman,Twins,38.66420021085485,38.66420021085485
412,Max Kepler,Twins,54.8486469868722,54.8486469868722
413,Miguel Sano,Twins,58.352952888888986,58.352952888888986
414,Bobby Wilson,Twins,25.712542047790954,25.712542047790954
415,Jason Castro,Twins,39.97815875913699,39.97815875913699
416,Taylor Motter,Twins,37.9547708787939,37.9547708787939
417,Logan Forsythe,Twins,41.76806207239277,41.76806207239277
418,Eddie Rosario,Twins,60.89772616415187,60.89772616415187
419,Joe Mauer,Twins,45.361806093908314,45.361806093908314
420,Eduardo Escobar,Twins,46.183186637418125,46.183186637418125
421,Jake Cave,Twins,51.209157127991666,51.209157127991666
422,Mitch Garver,Twins,40.06688456632655,40.06688456632655
423,Ehire Adrianza,Twins,28.39657344419265,28.39657344419265
424,Brian Dozier,Twins,57.5348631021541,57.5348631021541
425,Logan Morrison,Twins,47.64010347065968,47.64010347065968
426,Byron Buxton,Twins,55.14080054679813,55.14080054679813
427,Johnny Field,Twins,44.35191430271772,44.35191430271772
428,Lourdes Gurriel,Blue Jays,35.0,35.0
429,Richard Urena,Blue Jays,35.0,35.0
430,Kevin Pillar,Blue Jays,44.176111826825384,44.176111826825384
431,Dwight Smith Jr.,Blue Jays,35.0,35.0
432,Randal Grichuk,Blue Jays,58.601812583742046,58.601812583742046
433,Teoscar Hernandez,Blue Jays,58.75827508059625,58.75827508059625
434,Yangervis Solarte,Blue Jays,48.876313852938964,48.876313852938964
435,Giovanny Urshela,Blue Jays,23.70841550432072,23.70841550432072
436,Dalton Pompey,Blue Jays,40.650146484375,40.650146484375
437,Brandon Drury,Blue Jays,43.868843537414996,43.868843537414996
438,Gift Ngoepe,Blue Jays,35.0,35.0
439,Billy McKinney,Blue Jays,35.0,35.0
440,Danny Jansen,Blue Jays,35.0,35.0
441,Steve Pearce,Blue Jays,45.97993055555561,45.97993055555561
442,Kendrys Morales,Blue Jays,60.028592031728884,60.028592031728884
443,Aledmys Diaz,Blue Jays,49.99149669769019,49.99149669769019
444,Justin Smoak,Blue Jays,49.41602669887984,49.41602669887984
445,Curtis Granderson,Blue Jays,65.34828405187099,65.34828405187099
446,Josh Donaldson,Blue Jays,73.19609040440938,73.19609040440938
447,Devon Travis,Blue Jays,45.54887943511246,45.54887943511246
448,Luke Maile,Blue Jays,32.03658398885921,32.03658398885921
449,Russell Martin,Blue Jays,46.86019529219543,46.86019529219543
450,Anthony Alford,Blue Jays,35.0,35.0
451,Nolan Arenado,Rockies,71.59348856354534,71.59348856354534
452,Trevor Story,Rockies,69.12111781152772,69.12111781152772
453,Gerardo Parra,Rockies,42.151778010212276,42.151778010212276
454,Charlie Blackmon,Rockies,63.15343735396107,63.15343735396107
455,David Dahl,Rockies,38.87573099415206,38.87573099415206
456,Ryan McMahon,Rockies,20.636543209876557,20.636543209876557
457,Tom Murphy,Rockies,49.42328888888887,49.42328888888887
458,Chris Iannetta,Rockies,42.85870348015059,42.85870348015059
459,Daniel Castro,Rockies,25.929196168263267,25.929196168263267
460,Carlos Gonzalez,Rockies,73.05756374089138,73.05756374089138
461,Matt Holliday,Rockies,64.01581549156046,64.01581549156046
462,DJ LeMahieu,Rockies,42.598873179251,42.598873179251
463,Garrett Hampson,Rockies,35.0,35.0
464,Noel Cuevas,Rockies,20.86671705719324,20.86671705719324
465,Ian Desmond,Rockies,51.278063092675595,51.278063092675595
466,Raimel Tapia,Rockies,32.80179779280884,32.80179779280884
467,Tony Wolters,Rockies,30.089994591671136,30.089994591671136
468,Pat Valaika,Rockies,31.257376543209865,31.257376543209865
469,Mike Tauchman,Rockies,10.633136094674551,10.633136094674551
470,Austin Slater,Giants,39.04968858131487,39.04968858131487
471,Miguel Gomez,Giants,35.0,35.0
472,Brandon Crawford,Giants,42.7534380434674,42.7534380434674
473,Andrew McCutchen,Giants,62.627790799535966,62.627790799535966
474,Gorkys Hernandez,Giants,30.617836592862503,30.617836592862503
475,Joe Panik,Giants,39.48489757604197,39.48489757604197
476,Evan Longoria,Giants,57.66072594934692,57.66072594934692
477,Gregor Blanco,Giants,36.783165068029724,36.783165068029724
478,Kelby Tomlinson,Giants,23.216209573652943,23.216209573652943
479,Mac Williamson,Giants,30.66416666666663,30.66416666666663
480,Buster Posey,Giants,49.16552689006789,49.16552689006789
481,Alen Hanson,Giants,35.05358203149002,35.05358203149002
482,Brandon Belt,Giants,52.337873331542205,52.337873331542205
483,Steven Duggar,Giants,35.0,35.0
484,Ryder Jones,Giants,26.911179698216735,26.911179698216735
485,Pablo Sandoval,Giants,48.27150343087476,48.27150343087476
486,Chase d'Arnaud,Giants,24.06943558673471,24.06943558673471
487,Austin Jackson,Giants,44.160340854600626,44.160340854600626
488,Nick Hundley,Giants,42.031816429528675,42.031816429528675
489,Hunter Pence,Giants,56.14431589527169,56.14431589527169
490,Dustin Garneau,White Sox,25.48708677685951,25.48708677685951
491,Omar Narvaez,White Sox,25.814797738358184,25.814797738358184
492,Leury Garcia,White Sox,34.06806143807543,34.06806143807543
493,Jose Abreu,White Sox,61.94068082911334,61.94068082911334
494,Charlie Tilson,White Sox,35.0,35.0
495,Tyler Saladino,White Sox,33.10571988662616,33.10571988662616
496,Yolmer Sanchez,White Sox,34.701131733816105,34.701131733816105
497,Daniel Palka,White Sox,63.61398660856621,63.61398660856621
498,Matt Davidson,White Sox,64.82135204203102,64.82135204203102
499,Yoan Moncada,White Sox,56.9891599707816,56.9891599707816
500,Trayce Thompson,White Sox,38.95066801230306,38.95066801230306
501,Ryan LaMarre,White Sox,21.75111111111116,21.75111111111116
502,Kevan Smith,White Sox,25.556637221320848,25.556637221320848
503,Matt Skole,White Sox,35.0,35.0
504,Welington Castillo,White Sox,46.98882676074307,46.98882676074307
505,Jose Rondon,White Sox,35.0,35.0
506,Tim Anderson,White Sox,53.49679793572864,53.49679793572864
507,Adam Engel,White Sox,36.497356070419855,36.497356070419855
508,Avisail Garcia,White Sox,52.86025600949854,52.86025600949854
509,Nick Delmonico,White Sox,53.714795876958036,53.714795876958036
510,Alfredo Gonzalez,White Sox,35.0,35.0
511,Whit Merrifield,Royals,51.00804618213704,51.00804618213704
512,Adalberto Mondesi,Royals,51.29555555555556,51.29555555555556
513,Mike Moustakas,Royals,48.62669375527236,48.62669375527236
514,Alex Gordon,Royals,45.686341938509074,45.686341938509074
515,Salvador Perez,Royals,46.274788157229644,46.274788157229644
516,Ryan O'Hearn,Royals,35.0,35.0
517,Hunter Dozier,Royals,27.340622837370255,27.340622837370255
518,Cam Gallagher,Royals,35.0,35.0
519,Drew Butera,Royals,20.723595807578533,20.723595807578533
520,Abraham Almonte,Royals,36.002639139979294,36.002639139979294
521,Paulo Orlando,Royals,41.05398271311005,41.05398271311005
522,Brian Goodwin,Royals,50.44763749380656,50.44763749380656
523,Jon Jay,Royals,31.669418423408416,31.669418423408416
524,Jorge Soler,Royals,43.279039808967354,43.279039808967354
525,Lucas Duda,Royals,53.71922331202242,53.71922331202242
526,Rosell Herrera,Royals,22.948974609375,22.948974609375
527,Jorge Bonifacio,Royals,37.51429980276136,37.51429980276136
528,Ryan Goins,Royals,28.66233413209204,28.66233413209204
529,Alcides Escobar,Royals,32.711820183826276,32.711820183826276
530,Cheslor Cuthbert,Royals,35.09953889155942,35.09953889155942
531,Brett Phillips,Royals,31.3422222222222,31.3422222222222
532,Ramon Torres,Royals,35.0,35.0
533,Chris Bostick,Marlins,35.0,35.0
534,Starlin Castro,Marlins,46.73978409968364,46.73978409968364
535,Brian Anderson,Marlins,36.86704854991178,36.86704854991178
536,Isaac Galloway,Marlins,35.0,35.0
537,Cameron Maybin,Marlins,44.99860993353435,44.99860993353435
538,Justin Bour,Marlins,52.84236135413962,52.84236135413962
539,Austin Dean,Marlins,35.0,35.0
540,Tomas Telis,Marlins,20.136253695243205,20.136253695243205
541,J.B. Shuck,Marlins,26.20751084063593,26.20751084063593
542,Lewis Brinson,Marlins,42.53551020408164,42.53551020408164
543,Braxton Lee,Marlins,35.0,35.0
544,Magneuris Sierra,Marlins,35.0,35.0
545,J.T. Realmuto,Marlins,52.97886137654499,52.97886137654499
546,Rafael Ortega,Marlins,32.957950243374775,32.957950243374775
547,Derek Dietrich,Marlins,40.38537432002716,40.38537432002716
548,Miguel Rojas,Marlins,26.118776062638823,26.118776062638823
549,Martin Prado,Marlins,41.866815539004314,41.866815539004314
550,J.T. Riddle,Marlins,40.29858339546509,40.29858339546509
551,Garrett Cooper,Marlins,35.0,35.0
552,Bryan Holaday,Marlins,23.493582190051374,23.493582190051374
553,Yadiel Rivera,Marlins,10.083720475328859,10.083720475328859
554,Chad Wallach,Marlins,35.0,35.0
555,Luis Urias,Padres,35.0,35.0
556,A.J. Ellis,Padres,31.570727889023367,31.570727889023367
557,Travis Jankowski,Padres,38.44234244946489,38.44234244946489
558,Hunter Renfroe,Padres,61.94928512537963,61.94928512537963
559,Franmil Reyes,Padres,48.15416666666667,48.15416666666667
560,Cory Spangenberg,Padres,42.288564458622446,42.288564458622446
561,Christian Villanueva,Padres,64.18120128997579,64.18120128997579
562,Carlos Asuaje,Padres,28.074906122448972,28.074906122448972
563,Raffy Lopez,Padres,29.975069252077553,29.975069252077553
564,Wil Myers,Padres,62.67416725143597,62.67416725143597
565,Eric Hosmer,Padres,48.90587403045087,48.90587403045087
566,Manuel Margot,Padres,50.4306342907534,50.4306342907534
567,Jose Pirela,Padres,40.361346070221316,40.361346070221316
568,Freddy Galvis,Padres,40.56101021519649,40.56101021519649
569,Franchy Cordero,Padres,45.325714285714284,45.325714285714284
570,Austin Hedges,Padres,42.047693595387194,42.047693595387194
571,Matt Szczur,Padres,23.16822621405642,23.16822621405642
572,Chase Headley,Padres,40.75662190315102,40.75662190315102
573,Miguel Cabrera,Tigers,69.47017097168613,69.47017097168613
574,Jim Adduci,Tigers,30.33984375,30.33984375
575,John Hicks,Tigers,41.28681618606857,41.28681618606857
576,Victor Martinez,Tigers,48.82442315701841,48.82442315701841
577,Niko Goodrum,Tigers,47.259070142434815,47.259070142434815
578,Mikie Mahtook,Tigers,41.68913524852864,41.68913524852864
579,Victor Reyes,Tigers,19.98734375000001,19.98734375000001
580,Ronny Rodriguez,Tigers,35.0,35.0
581,Pete Kozma,Tigers,21.042063543389293,21.042063543389293
582,Nicholas Castellanos,Tigers,53.36873783076386,53.36873783076386
583,Jose Iglesias,Tigers,31.158702938475734,31.158702938475734
584,Leonys Martin,Tigers,44.14408933152258,44.14408933152258
585,Jeimer Candelario,Tigers,43.929012345679006,43.929012345679006
586,James McCann,Tigers,38.91100287208511,38.91100287208511
587,Grayson Greiner,Tigers,35.0,35.0
588,Dixon Machado,Tigers,18.965758518117887,18.965758518117887
589,JaCoby Jones,Tigers,38.565420408163256,38.565420408163256
590,Mike Gerber,Tigers,35.0,35.0
591,Manny Machado,Orioles,65.73975931166603,65.73975931166603
592,Adam Jones,Orioles,56.7562548394737,56.7562548394737
593,Craig Gentry,Orioles,29.503548525954397,29.503548525954397
594,Mark Trumbo,Orioles,60.94855783728724,60.94855783728724
595,Austin Wynns,Orioles,35.0,35.0
596,Jonathan Schoop,Orioles,49.747144220579855,49.747144220579855
597,Steve Wilkerson,Orioles,35.0,35.0
598,Joey Rickard,Orioles,38.723168012302985,38.723168012302985
599,Caleb Joseph,Orioles,35.360150608070015,35.360150608070015
600,Chance Sisco,Orioles,24.310553633218003,24.310553633218003
601,Chris Davis,Orioles,65.67725669823558,65.67725669823558
602,Engelb Vielma,Orioles,35.0,35.0
603,Andrew Susac,Orioles,31.697862009554402,31.697862009554402
604,Luis Sardinas,Orioles,24.15118946987077,24.15118946987077
605,Cedric Mullins II,Orioles,35.0,35.0
606,Jonathan Villar,Orioles,56.09670213103251,56.09670213103251
607,Danny Valencia,Orioles,46.95192488890353,46.95192488890353
608,Renato Nunez,Orioles,23.632568359375,23.632568359375
609,Breyvic Valera,Orioles,35.0,35.0
610,Trey Mancini,Orioles,57.92607142857139,57.92607142857139
611,John Andreoli,Orioles,35.0,35.0
612,Tim Beckham,Orioles,45.28824390098231,45.28824390098231
613,Jace Peterson,Orioles,30.201456367291875,30.201456367291875
614,Anthony Santander,Orioles,35.0,35.0
615,Pedro Alvarez,Orioles,55.699964980075016,55.699964980075016
616,Colby Rasmus,Orioles,57.083982266575916,57.083982266575916
617,Corban Joseph,Orioles,35.0,35.0
0,Ryan Brasier,Red Sox,10.68631172839506,
1,Chris Sale,Red Sox,191.37028042240505,
2,Brandon Workman,Red Sox,38.62158968800074,
3,Hector Velazquez,Red Sox,33.4805765595463,
4,Eduardo Rodriguez,Red Sox,108.7462910034602,
5,David Price,Red Sox,128.56977733409926,
6,Carson Smith,Red Sox,18.93177469135803,
7,Nathan Eovaldi,Red Sox,97.51504322222226,
8,Heath Hembree,Red Sox,24.493258543853525,
9,Tyler Thornburg,Red Sox,31.078043847566565,
10,Drew Pomeranz,Red Sox,87.11277647903461,
11,Robby Scott,Red Sox,15.41753902662994,
12,Bobby Poyner,Red Sox,80.0,
13,Craig Kimbrel,Red Sox,18.398571435196345,
14,William Cuevas,Red Sox,80.0,
15,Steven Wright,Red Sox,147.14228786982238,
16,Matt Barnes,Red Sox,24.825533950617274,
17,Marcus Walden,Red Sox,80.0,
18,Joe Kelly,Red Sox,59.5852034485214,
19,Brian Johnson,Red Sox,91.7378755752794,
20,Rick Porcello,Red Sox,104.85712614888467,
21,Justin Haley,Red Sox,80.0,
22,Jalen Beeks,Red Sox,80.0,
23,Cole Hamels,Cubs,119.52572974008892,
24,Jorge De La Rosa,Cubs,101.39663300382652,
25,Justin Hancock,Cubs,80.0,
26,Steve Cishek,Cubs,19.26276944062313,
27,Carl Edwards Jr.,Cubs,23.97100583496094,
28,Anthony Bass,Cubs,42.12603191957058,
29,Randy Rosario,Cubs,27.33921440972222,
30,Mike Montgomery,Cubs,80.48019981389265,
31,Kyle Hendricks,Cubs,74.26611429722861,
32,Jose Quintana,Cubs,97.5066064048426,
33,James Norwood,Cubs,80.0,
34,Luke Farrell,Cubs,45.87865347222223,
35,Cory Mazzoni,Cubs,43.26556301652892,
36,Jesse Chavez,Cubs,63.585700063890634,
37,Brandon Morrow,Cubs,106.24610949321419,
38,Duane Underwood Jr.,Cubs,80.0,
39,Pedro Strop,Cubs,20.359950227499983,
40,Justin Wilson,Cubs,21.355446109375034,
41,Alec Mills,Cubs,80.0,
42,Jon Lester,Cubs,133.08773868531435,
43,Eddie Butler,Cubs,53.03649198039651,
44,Rob Zastryzny,Cubs,80.0,
45,Yu Darvish,Cubs,119.05319464572223,
46,Tyler Chatwood,Cubs,103.3278902345252,
47,Brian Duensing,Cubs,46.000094722100926,
48,Brandon Kintzler,Cubs,17.877059256051965,
49,George Kontos,Yankees,18.662096819917014,
50,Dellin Betances,Yankees,20.707743352236932,
51,David Hale,Yankees,59.55663073979591,
52,Chad Green,Yankees,44.38870215419501,
53,Jonathan Loaisiga,Yankees,80.0,
54,Jonathan Holder,Yankees,25.5650645088275,
55,CC Sabathia,Yankees,124.75662984575267,
56,Masahiro Tanaka,Yankees,126.0217062434125,
57,Chasen Shreve,Yankees,26.451379892920883,
58,Zach Britton,Yankees,41.90484921777494,
59,Luis Cessa,Yankees,48.90083181154129,
60,Domingo German,Yankees,102.6539506286982,
61,Aroldis Chapman,Yankees,21.656795581420795,
62,J.A. Happ,Yankees,104.72596853811913,
63,Adam Warren,Yankees,33.75898283534648,
64,A.J. Cole,Yankees,54.30302738442315,
65,David Robertson,Yankees,22.65967314745633,
66,Luis Severino,Yankees,139.75609331602467,
67,Jordan Montgomery,Yankees,55.27601224489795,
68,Lance Lynn,Yankees,112.13549612531766,
69,Giovanny Gallegos,Yankees,80.0,
70,Sonny Gray,Yankees,129.84073258848287,
71,Tommy Kahnle,Yankees,23.10678014465589,
72,Chance Adams,Yankees,80.0,
73,Fernando Rodney,Athletics,21.624081743536124,
74,Blake Treinen,Athletics,21.72081688294215,
75,J.B. Wendelken,Athletics,80.0,
76,Jeurys Familia,Athletics,18.972685440557438,
77,Edwin Jackson,Athletics,121.99136456605494,
78,Santiago Casilla,Athletics,21.03096651418916,
79,Yusmeiro Petit,Athletics,59.578342378219546,
80,Trevor Cahill,Athletics,107.25907916666662,
81,Emilio Pagan,Athletics,31.846683984374987,
82,Chris Hatcher,Athletics,24.20670045938265,
83,Daniel Coulombe,Athletics,24.031491273156153,
84,Andrew Triggs,Athletics,107.72552283950614,
85,Josh Lucas,Athletics,80.0,
86,Liam Hendriks,Athletics,39.352851820810834,
87,Wilmer Font,Athletics,48.33483710562415,
88,Shawn Kelley,Athletics,24.169869763172283,
89,Mike Fiers,Athletics,115.25869574684282,
90,Lou Trivino,Athletics,29.40796975992612,
91,Carlos Ramirez,Athletics,80.0,
92,Ryan Buchter,Athletics,20.72293627695765,
93,Chris Bassitt,Athletics,75.5224435763889,
94,Sean Manaea,Athletics,111.14290809327848,
95,Frankie Montas,Athletics,81.54284218749999,
96,Brett Anderson,Athletics,121.36984610619844,
97,Daniel Mengden,Athletics,164.47183215027698,
98,Daniel Gossett,Athletics,101.97375,
99,Ryan Dull,Athletics,22.22260006430257,
100,Paul Blackburn,Athletics,80.0,
101,Kendall Graveman,Athletics,106.54977137465524,
102,Oliver Perez,Indians,95.6582815372738,
103,Trevor Bauer,Indians,142.28831331899866,
104,Mike Clevinger,Indians,102.50730612244895,
105,Carlos Carrasco,Indians,179.44990665453847,
106,Shane Bieber,Indians,80.0,
107,Cody Allen,Indians,22.650491658556206,
108,Zach McAllister,Indians,53.689263998724456,
109,Dan Otero,Indians,19.877021604938264,
110,Ben Taylor,Indians,80.0,
111,Josh Tomlin,Indians,105.22196087293388,
112,Evan Marshall,Indians,22.54753627095383,
113,Oliver Drake,Indians,27.126850000000005,
114,Marc Rzepczynski,Indians,26.711116466532022,
115,Brad Hand,Indians,33.46927108333336,
116,Corey Kluber,Indians,158.1937091715976,
117,George Kontos,Indians,18.662096819917014,
118,Andrew Miller,Indians,36.46059394959975,
119,Neil Ramirez,Indians,19.146338000341743,
120,Adam Plutko,Indians,80.0,
121,Matt Belisle,Indians,29.83213880499951,
122,Adam Cimber,Indians,25.36657086795938,
123,Tyler Olson,Indians,15.74029822222222,
124,Nick Goody,Indians,20.20509299307959,
125,Jeff Beliveau,Indians,24.103940643591134,
126,Alexi Ogando,Indians,55.45980621404486,
127,Dylan Floro,Dodgers,25.70769211433497,
128,Daniel Corcino,Dodgers,80.0,
129,Clayton Kershaw,Dodgers,136.30707806849938,
130,Adam Liberatore,Dodgers,20.345233634372303,
131,Kenley Jansen,Dodgers,18.519766270479963,
132,Alex Wood,Dodgers,107.15781573003424,
133,Pedro Baez,Dodgers,21.960421600843187,
134,Caleb Ferguson,Dodgers,80.0,
135,Kenta Maeda,Dodgers,108.3133448936451,
136,Tony Cingrani,Dodgers,55.115533084221305,
137,Pat Venditte,Dodgers,31.993539225260417,
138,Brock Stewart,Dodgers,56.80684687786961,
139,Zach Neal,Dodgers,39.55824791883453,
140,Dennis Santana,Dodgers,80.0,
141,Hyun-Jin Ryu,Dodgers,106.7888215493298,
142,Josh Fields,Dodgers,22.82309308035714,
143,Ross Stripling,Dodgers,74.35575234669933,
144,Walker Buehler,Dodgers,153.27967917899412,
145,Erik Goeddel,Dodgers,21.35529915497209,
146,J.T. Chargois,Dodgers,25.376115205341385,
147,Rich Hill,Dodgers,137.21197714584292,
148,Scott Alexander,Dodgers,22.998601198178154,
149,Daniel Hudson,Dodgers,75.99352799167534,
150,Yimi Garcia,Dodgers,21.73161963765099,
151,Edward Paredes,Dodgers,25.03217152199764,
152,Zac Rosscup,Dodgers,25.196065734657903,
153,Wilmer Font,Dodgers,48.33483710562415,
154,John Axford,Dodgers,22.494339968259006,
155,Bryse Wilson,Braves,80.0,
156,Jonny Venters,Braves,17.858097451790655,
157,Arodys Vizcaino,Braves,21.7857971288005,
158,Jesse Biddle,Braves,34.25152161611589,
159,Mike Foltynewicz,Braves,128.33323703512403,
160,A.J. Minter,Braves,18.800466820987662,
161,Shane Carle,Braves,20.258323902218198,
162,Chad Sobotka,Braves,80.0,
163,Luke Jackson,Braves,34.6357216376134,
164,Peter Moylan,Braves,19.049866126031375,
165,Sam Freeman,Braves,21.20891589506172,
166,Luiz Gohara,Braves,80.0,
167,Wes Parsons,Braves,80.0,
168,Evan Phillips,Braves,80.0,
169,Rex Brothers,Braves,22.207074735536935,
170,Brad Brach,Braves,21.7321845714861,
171,Touki Toussaint,Braves,80.0,
172,Kevin Gausman,Braves,116.61850822060354,
173,Dan Winkler,Braves,15.810406250000005,
174,Anibal Sanchez,Braves,128.54910287934723,
175,Max Fried,Braves,80.0,
176,Michael Soroka,Braves,80.0,
177,Sean Newcomb,Braves,97.04731358024688,
178,Julio Teheran,Braves,107.51523207285982,
179,Brandon McCarthy,Braves,114.42112289504038,
180,Matt Wisler,Braves,116.2537764791819,
181,Josh Ravin,Braves,27.075941836734692,
182,Luke Sims,Braves,80.0,
183,Miguel Socolovich,Braves,26.845435080350626,
184,James Hoyt,Astros,23.749336547291094,
185,Ryan Pressly,Astros,24.342051836040547,
186,Tony Sipp,Astros,22.59697071513591,
187,Roberto Osuna,Astros,17.420062042490315,
188,Gerrit Cole,Astros,84.8141102262186,
189,Charlie Morton,Astros,116.44412335515437,
190,Dallas Keuchel,Astros,120.90174834157142,
191,Lance McCullers Jr.,Astros,118.24454648437498,
192,Chris Devenski,Astros,43.77399194944601,
193,Ken Giles,Astros,20.83985559601665,
194,Framber Valdez,Astros,80.0,
195,Collin McHugh,Astros,120.7591117969822,
196,Hector Rondon,Astros,18.88405946025729,
197,Justin Verlander,Astros,126.88898061048616,
198,Brad Peacock,Astros,77.04598238998878,
199,Joe Smith,Astros,18.315899862869593,
200,Cionel Perez,Astros,80.0,
201,Will Harris,Astros,21.302652402662364,
202,Reymin Guduan,Astros,29.789208412098304,
203,Alex Reyes,Cardinals,80.0,
204,Daniel Poncedeleon,Cardinals,80.0,
205,Austin Gomber,Cardinals,77.20334829867676,
206,Jack Flaherty,Cardinals,108.33455038265303,
207,Dakota Hudson,Cardinals,80.0,
208,Michael Wacha,Cardinals,89.53493674307958,
209,John Gant,Cardinals,61.2919488456315,
210,Sam Tuivailala,Cardinals,18.666684148612887,
211,Adam Wainwright,Cardinals,146.23808661873252,
212,Luke Weaver,Cardinals,137.11611300998263,
213,Matt Bowman,Cardinals,23.002214517587124,
214,Luke Gregerson,Cardinals,22.05118581390388,
215,Tyler Lyons,Cardinals,46.429022687306244,
216,Preston Guilmet,Cardinals,32.05137517146777,
217,Tyler Webb,Cardinals,80.0,
218,Tyson Ross,Cardinals,123.50090574545646,
219,Chasen Shreve,Cardinals,26.451379892920883,
220,Bud Norris,Cardinals,101.77830362555949,
221,Miles Mikolas,Cardinals,108.58230895996094,
222,Jordan Hicks,Cardinals,27.130314431604404,
223,Carlos Martinez,Cardinals,129.76074471797895,
224,Dominic Leone,Cardinals,24.505803658786775,
225,John Brebbia,Cardinals,16.997923356401397,
226,Mike Mayers,Cardinals,36.40892753019575,
227,Brett Cecil,Cardinals,52.20179569796318,
228,Ryan Sherriff,Cardinals,80.0,
229,Greg Holland,Cardinals,21.87713531054696,
230,Ian Krol,Angels,21.08445822222222,
231,Osmer Morales,Angels,80.0,
232,Keynan Middleton,Angels,14.446843359375,
233,Jose Alvarez,Angels,21.471195421487604,
234,Justin Anderson,Angels,25.517733289930547,
235,Taylor Cole,Angels,80.0,
236,Jaime Barria,Angels,80.0,
237,Tyler Skaggs,Angels,108.54619822485205,
238,Felix Pena,Angels,59.470013999999985,
239,Matt Shoemaker,Angels,150.2595391966759,
240,Oliver Drake,Angels,27.126850000000005,
241,Akeel Morris,Angels,80.0,
242,Deck McGuire,Angels,30.402939049586777,
243,John Lamb,Angels,96.37493998628257,
244,Ty Buttrey,Angels,80.0,
245,Blake Wood,Angels,26.931952237654325,
246,Blake Parker,Angels,21.302533509814033,
247,Cam Bedrosian,Angels,22.993245408294243,
248,Hansel Robles,Angels,28.751832310682147,
249,Garrett Richards,Angels,138.40071764705883,
250,Jim Johnson,Angels,21.45083496873414,
251,Andrew Heaney,Angels,100.640426446281,
252,Nick Tropeano,Angels,81.78146531886915,
253,Noe Ramirez,Angels,25.338311240292157,
254,Luke Bard,Angels,80.0,
255,Williams Jerez,Angels,80.0,
256,Eduardo Paredes,Angels,28.105282592773438,
257,Odrisamer Despaigne,Angels,81.70073755024018,
258,Alec Asher,Brewers,59.51008872922438,
259,Joakim Soria,Brewers,19.473106200690342,
260,Wade Miley,Brewers,113.19363748582761,
261,Dan Jennings,Brewers,18.76130623378305,
262,Jhoulys Chacin,Brewers,100.43917517947277,
263,Chase Anderson,Brewers,80.7922220784024,
264,Taylor Williams,Brewers,19.45857314049587,
265,Brent Suter,Brewers,57.464205994897966,
266,Corey Knebel,Brewers,21.388154990292165,
267,Boone Logan,Brewers,20.183367215477308,
268,Oliver Drake,Brewers,27.126850000000005,
269,Aaron Wilkerson,Brewers,80.0,
270,J.J. Hoover,Brewers,23.672137670927455,
271,Jeremy Jeffress,Brewers,18.44350844087331,
272,Josh Hader,Brewers,39.703219836564664,
273,Jorge Lopez,Brewers,80.0,
274,Corbin Burnes,Brewers,80.0,
275,Adrian Houser,Brewers,80.0,
276,Jacob Barnes,Brewers,23.482319488456323,
277,Junior Guerra,Brewers,79.1744638731359,
278,Freddy Peralta,Brewers,80.0,
279,Brandon Woodruff,Brewers,80.0,
280,Zach Davies,Brewers,89.66521933333333,
281,Jordan Lyles,Brewers,78.77884798746659,
282,Matt Albers,Brewers,28.982011262314664,
283,Mike Zagurski,Brewers,22.989307601738915,
284,Greg Holland,Nationals,21.87713531054696,
285,Max Scherzer,Nationals,139.45171526255982,
286,Matt Grace,Nationals,17.857181825176973,
287,Jimmy Cordero,Nationals,80.0,
288,Brandon Kintzler,Nationals,17.877059256051965,
289,Justin Miller,Nationals,30.518168696344947,
290,Stephen Strasburg,Nationals,127.27943849999998,
291,Jefry Rodriguez,Nationals,80.0,
292,Sammy Solis,Nationals,26.944339163237295,
293,Trevor Gott,Nationals,17.86099451303155,
294,Erick Fedde,Nationals,80.0,
295,Carlos Torres,Nationals,32.739170047751294,
296,Enny Romero,Nationals,23.376880694229836,
297,Austin Adams,Nationals,80.0,
298,Sean Doolittle,Nationals,24.005913009404377,
299,Tim Collins,Nationals,23.758938489118705,
300,Shawn Kelley,Nationals,24.169869763172283,
301,Jeremy Hellickson,Nationals,94.95288918563836,
302,Wander Suero,Nationals,18.248595422116527,
303,Tanner Roark,Nationals,108.13771596073721,
304,Kelvin Herrera,Nationals,18.46814342908727,
305,Gio Gonzalez,Nationals,110.47716272769436,
306,Ryan Madson,Nationals,25.42831186454472,
307,Koda Glover,Nationals,28.682561034217606,
308,Tommy Milone,Nationals,98.82123114117799,
309,A.J. Cole,Nationals,54.30302738442315,
310,Austin Voth,Nationals,80.0,
311,Jared Hughes,Reds,16.538620192975152,
312,David Hernandez,Reds,26.962510791789814,
313,Michael Lorenzen,Reds,33.56783001612103,
314,Amir Garrett,Reds,52.2072247078159,
315,Matt Harvey,Reds,132.80112304687503,
316,Tyler Mahle,Reds,114.86310003698222,
317,Luis Castillo,Reds,101.58804283164784,
318,Austin Brice,Reds,28.512356910312956,
319,Homer Bailey,Reds,147.23185381235822,
320,Kevin Shackelford,Reds,22.65469432882414,
321,Kevin Quackenbush,Reds,23.576917299619,
322,Yovani Gallardo,Reds,120.18636982106582,
323,Jesus Reyes,Reds,80.0,
324,Raisel Iglesias,Reds,46.250861339744446,
325,Dylan Floro,Reds,25.70769211433497,
326,Cody Reed,Reds,60.08339646464646,
327,Anthony DeSclafani,Reds,91.77703793462585,
328,Wandy Peralta,Reds,25.347763430683244,
329,Jackson Stephens,Reds,35.538761094674555,
330,Sal Romano,Reds,84.88955933626033,
331,Kyle Crockett,Reds,15.146176961464747,
332,Brandon Finnegan,Reds,92.70644631321005,
333,Keury Mella,Reds,80.0,
334,Robert Stephenson,Reds,94.75941015339663,
335,Tanner Rainey,Reds,80.0,
336,Zack Weiss,Reds,80.0,
337,Vidal Nuno,Rays,60.08462538757002,
338,Blake Snell,Rays,121.72169374459342,
339,Ryne Stanek,Rays,25.593389721074388,
340,Hunter Wood,Rays,80.0,
341,Chaz Roe,Rays,24.496935989649575,
342,Ryan Yarbrough,Rays,59.739286499023436,
343,Jonny Venters,Rays,17.858097451790655,
344,Yonny Chirinos,Rays,80.0,
345,Alex Colome,Rays,30.637084839012353,
346,Chris Archer,Rays,109.53379688976848,
347,Jalen Beeks,Rays,80.0,
348,Jake Faria,Rays,115.25647740784781,
349,Chih-Wei Hu,Rays,80.0,
350,Andrew Kittredge,Rays,24.38911458333335,
351,Wilmer Font,Rays,48.33483710562415,
352,Jose Alvarado,Rays,18.994028252495646,
353,Sergio Romo,Rays,19.37967819805386,
354,Anthony Banda,Rays,80.0,
355,Diego Castillo,Rays,21.61520661157025,
356,Tyler Glasnow,Rays,50.56470438054285,
357,Adam Kolarek,Rays,15.433729191438765,
358,Matt Andriese,Rays,66.2781042095336,
359,Nathan Eovaldi,Rays,97.51504322222226,
360,Jaime Schultz,Rays,80.0,
361,Austin Pruitt,Rays,69.51181400000002,
362,Ryan Weber,Rays,81.76398328993056,
363,Hoby Milner,Rays,13.004923469387752,
364,T.J. McFarland,Diamondbacks,29.7926560585352,
365,Clay Buchholz,Diamondbacks,135.20190945590858,
366,Yoshihisa Hirano,Diamondbacks,19.984349148022893,
367,Zack Greinke,Diamondbacks,131.00713564168834,
368,Archie Bradley,Diamondbacks,48.67512822614867,
369,Brad Boxberger,Diamondbacks,24.180307335266797,
370,Matt Koch,Diamondbacks,93.90043005671077,
371,Fernando Salas,Diamondbacks,21.31016100662829,
372,Robbie Ray,Diamondbacks,122.39123937379009,
373,Troy Scribner,Diamondbacks,80.0,
374,Randall Delgado,Diamondbacks,48.01298377233591,
375,Braden Shipley,Diamondbacks,54.20877311390532,
376,Kris Medlen,Diamondbacks,110.53775581318534,
377,Joey Krehbiel,Diamondbacks,80.0,
378,Silvino Bracho,Diamondbacks,26.490394990959896,
379,Andrew Chafin,Diamondbacks,18.96117827133008,
380,Jimmie Sherfy,Diamondbacks,80.0,
381,Patrick Corbin,Diamondbacks,119.80765940267092,
382,Taijuan Walker,Diamondbacks,129.24277011447484,
383,Matt Andriese,Diamondbacks,66.2781042095336,
384,Zack Godley,Diamondbacks,114.26830871913579,
385,Jorge De La Rosa,Diamondbacks,101.39663300382652,
386,Jake Diekman,Diamondbacks,20.992895376738456,
387,Jake Barrett,Diamondbacks,18.067603176159196,
388,Brad Ziegler,Diamondbacks,17.41889754586243,
389,Shelby Miller,Diamondbacks,107.22986479289938,
390,Jose Leclerc,Rangers,23.21004178719007,
391,Cory Gearrin,Rangers,21.990232780612256,
392,Keone Kela,Rangers,23.175298195924718,
393,Nick Gardewine,Rangers,80.0,
394,Ricardo Rodriguez,Rangers,80.0,
395,Doug Fister,Rangers,110.02254016972884,
396,Matt Bush,Rangers,19.73486159169549,
397,Alex Claudio,Rangers,18.31953022969595,
398,Bartolo Colon,Rangers,128.64986635016018,
399,Brandon Mann,Rangers,80.0,
400,Ariel Jurado,Rangers,80.0,
401,Matt Moore,Rangers,129.40863905325452,
402,Drew Hutchison,Rangers,143.34895286427889,
403,Tony Barnette,Rangers,24.098776240000003,
404,Jeffrey Springs,Rangers,80.0,
405,Jesse Chavez,Rangers,63.585700063890634,
406,Jake Diekman,Rangers,20.992895376738456,
407,Mike Minor,Rangers,93.26782725000001,
408,Chris Martin,Rangers,18.598737982796425,
409,Cole Hamels,Rangers,119.52572974008892,
410,Yovani Gallardo,Rangers,120.18636982106582,
411,Kevin Jepsen,Rangers,20.672732012720473,
412,Austin Bibens-Dirkx,Rangers,69.59370891003461,
413,Martin Perez,Rangers,93.07042796573691,
414,Eddie Butler,Rangers,53.03649198039651,
415,Yohander Mendez,Rangers,80.0,
416,Keone Kela,Pirates,23.175298195924718,
417,Edgar Santana,Pirates,15.416951303155003,
418,Richard Rodriguez,Pirates,28.814243058027763,
419,Jameson Taillon,Pirates,95.31860349716449,
420,Tyler Glasnow,Pirates,50.56470438054285,
421,Ivan Nova,Pirates,103.8451231379451,
422,Chad Kuhl,Pirates,82.29144786347754,
423,George Kontos,Pirates,18.662096819917014,
424,Michael Feliz,Pirates,36.21486734693875,
425,Clay Holmes,Pirates,80.0,
426,Dovydas Neverauskas,Pirates,21.394001479289937,
427,Tanner Anderson,Pirates,80.0,
428,Kyle Crick,Pirates,19.538099489795925,
429,Felipe Vazquez,Pirates,23.808373754957614,
430,Trevor Williams,Pirates,94.91029235839845,
431,Joe Musgrove,Pirates,83.55386657714844,
432,Steven Brault,Pirates,43.88679378782485,
433,Enny Romero,Pirates,23.376880694229836,
434,Nick Kingham,Pirates,80.0,
435,Alex McRae,Pirates,80.0,
436,Chris Archer,Pirates,109.53379688976848,
437,Casey Sadler,Pirates,80.0,
438,Josh Smoker,Pirates,26.581886603599763,
439,Shawn Armstrong,Mariners,24.562681250000004,
440,Erik Goeddel,Mariners,21.35529915497209,
441,Ariel Miranda,Mariners,109.94796067923549,
442,Alex Colome,Mariners,30.637084839012353,
443,Dan Altavilla,Mariners,16.880139299802764,
444,Chasen Bradford,Mariners,24.293392590679517,
445,Roenis Elias,Mariners,104.00867862654319,
446,Wade LeBlanc,Mariners,75.58940895806782,
447,Nick Vincent,Mariners,22.536951021497885,
448,Ross Detwiler,Mariners,62.16807723337949,
449,Christian Bergman,Mariners,69.80351740726049,
450,Erasmo Ramirez,Mariners,84.28783732741063,
451,Nick Rumbelow,Mariners,14.995063794378696,
452,Zach Duke,Mariners,59.18987173851372,
453,Rob Whalen,Mariners,80.0,
454,Sam Tuivailala,Mariners,18.666684148612887,
455,Edwin Diaz,Mariners,19.454586896476393,
456,Adam Warren,Mariners,33.75898283534648,
457,James Pazos,Mariners,20.20574424445704,
458,Matthew Festa,Mariners,80.0,
459,James Paxton,Mariners,143.21810469596002,
460,Mike Leake,Mariners,98.16825883120991,
461,Marco Gonzales,Mariners,102.12874038026258,
462,Felix Hernandez,Mariners,137.32847089725814,
463,Juan Nicasio,Mariners,60.49548213655829,
464,Mike Morin,Mariners,23.019742817088687,
465,Ryan Cook,Mariners,24.87969841682055,
466,Casey Lawrence,Mariners,42.001110204081634,
467,Marc Rzepczynski,Mariners,26.711116466532022,
468,Scott Copeland,Mets,80.0,
469,Jacob deGrom,Mets,115.69702675985747,
470,Seth Lugo,Mets,57.001475956409095,
471,Zack Wheeler,Mets,94.68292552227993,
472,Robert Gsellman,Mets,60.2059013117284,
473,Steven Matz,Mets,116.51857159763313,
474,Hansel Robles,Mets,28.751832310682147,
475,Paul Sewald,Mets,29.911794433593755,
476,Anthony Swarzak,Mets,38.16668655282202,
477,Jason Vargas,Mets,118.52472534291776,
478,Tim Peterson,Mets,80.0,
479,P.J. Conlon,Mets,80.0,
480,Drew Gagnon,Mets,80.0,
481,Chris Flexen,Mets,80.0,
482,Drew Smith,Mets,80.0,
483,Daniel Zamora,Mets,80.0,
484,Jeurys Familia,Mets,18.972685440557438,
485,Noah Syndergaard,Mets,100.05870103642735,
486,Jerry Blevins,Mets,18.962367300824983,
487,Tyler Bashlor,Mets,80.0,
488,Chris Beck,Mets,22.254204213403717,
489,Corey Oswalt,Mets,80.0,
490,AJ Ramos,Mets,21.00834904350811,
491,Matt Harvey,Mets,132.80112304687503,
492,Jacob Rhame,Mets,28.81239464099896,
493,Bobby Wahl,Mets,80.0,
494,Gerson Bautista,Mets,80.0,
495,Buddy Baumann,Mets,40.70421615304708,
496,Luis Avilan,Phillies,17.919012386603228,
497,Zac Curtis,Phillies,19.16725129757785,
498,Aaron Nola,Phillies,108.11381259083105,
499,Seranthony Dominguez,Phillies,25.14384329367226,
500,Tommy Hunter,Phillies,41.60046047444737,
501,Zach Eflin,Phillies,136.19808596073764,
502,Adam Morgan,Phillies,47.19799786671473,
503,Drew Hutchison,Phillies,143.34895286427889,
504,Jake Thompson,Phillies,74.85218125,
505,Hector Neris,Phillies,22.38571631415436,
506,Drew Anderson,Phillies,80.0,
507,Ben Lively,Phillies,80.0,
508,Ranger Suarez,Phillies,80.0,
509,Aaron Loup,Phillies,20.151405128888896,
510,Pat Neshek,Phillies,19.196407686869644,
511,Edubray Ramos,Phillies,21.19692931194681,
512,Victor Arano,Phillies,20.69869635416666,
513,Jake Arrieta,Phillies,139.27691942830137,
514,Luis Garcia,Phillies,19.79816917317709,
515,Vince Velasquez,Phillies,115.57087974773239,
516,Austin Davis,Phillies,22.916328770661156,
517,Nick Pivetta,Phillies,142.8815316838733,
518,Mark Leiter,Phillies,88.38239480604867,
519,Yacksel Rios,Phillies,19.347277848639457,
520,Enyel De Los Santos,Phillies,80.0,
521,Hoby Milner,Phillies,13.004923469387752,
522,Trevor May,Twins,54.692623307171424,
523,Fernando Rodney,Twins,21.624081743536124,
524,Ryan Pressly,Twins,24.342051836040547,
525,Jose Berrios,Twins,171.22755040098016,
526,Matt Magill,Twins,37.162002551020414,
527,Jake Odorizzi,Twins,91.74200310239972,
528,Fernando Romero,Twins,80.0,
529,Lance Lynn,Twins,112.13549612531766,
530,Aaron Slegers,Twins,80.0,
531,Kohl Stewart,Twins,80.0,
532,Ervin Santana,Twins,126.56297510782883,
533,Stephen Gonsalves,Twins,80.0,
534,Tyler Kinley,Twins,80.0,
535,Adalberto Mejia,Twins,51.89793209876544,
536,Oliver Drake,Twins,27.126850000000005,
537,Taylor Rogers,Twins,20.94976521852238,
538,Zach Duke,Twins,59.18987173851372,
539,Kyle Gibson,Twins,109.67783237055151,
540,Alan Busenitz,Twins,23.452116684694424,
541,Trevor Hildenberger,Twins,24.060596691482715,
542,Addison Reed,Twins,19.411290837806973,
543,Gabriel Moya,Twins,28.609255350772887,
544,Tyler Duffey,Twins,103.05165189933078,
545,Phil Hughes,Twins,104.13068177764558,
546,Matt Belisle,Twins,29.83213880499951,
547,David Hale,Twins,59.55663073979591,
548,Zack Littell,Twins,80.0,
549,John Curtiss,Twins,80.0,
550,Seung Hwan Oh,Blue Jays,19.607786123909435,
551,Roberto Osuna,Blue Jays,17.420062042490315,
552,Carlos Ramirez,Blue Jays,80.0,
553,J.A. Happ,Blue Jays,104.72596853811913,
554,Mike Hauschild,Blue Jays,80.0,
555,Ryan Borucki,Blue Jays,80.0,
556,Tim Mayza,Blue Jays,28.95230619331067,
557,Sam Gaviglio,Blue Jays,71.87741964937909,
558,Marcus Stroman,Blue Jays,119.62010915106903,
559,Thomas Pannone,Blue Jays,80.0,
560,Joe Biagini,Blue Jays,40.0202803351942,
561,Deck McGuire,Blue Jays,30.402939049586777,
562,Ken Giles,Blue Jays,20.83985559601665,
563,Preston Guilmet,Blue Jays,32.05137517146777,
564,Justin Shafer,Blue Jays,80.0,
565,Rhiner Cruz,Blue Jays,21.29271639883127,
566,Ryan Tepera,Blue Jays,22.897665427453777,
567,Tyler Clippard,Blue Jays,23.340743437958768,
568,Jake Petricka,Blue Jays,21.432721048513308,
569,John Axford,Blue Jays,22.494339968259006,
570,Aaron Loup,Blue Jays,20.151405128888896,
571,Aaron Sanchez,Blue Jays,87.7935992338112,
572,Marco Estrada,Blue Jays,102.51891981644735,
573,Brandon Cumpton,Blue Jays,79.23009924385633,
574,Danny Barnes,Blue Jays,27.112041915663667,
575,Jaime Garcia,Blue Jays,118.98723758503407,
576,Luis Santos,Blue Jays,28.608406000000006,
577,Sean Reid-Foley,Blue Jays,80.0,
578,Murphy Smith,Blue Jays,80.0,
579,Sam Howard,Rockies,80.0,
580,Seung Hwan Oh,Rockies,19.607786123909435,
581,Scott Oberg,Rockies,20.67711096938776,
582,German Marquez,Rockies,112.30801565439397,
583,Tyler Anderson,Rockies,110.39311444948348,
584,Harrison Musgrave,Rockies,20.828888888888887,
585,Antonio Senzatela,Rockies,65.59793876824494,
586,Bryan Shaw,Rockies,21.183855695977194,
587,Brooks Pounders,Rockies,31.601691914819945,
588,Jeff Hoffman,Rockies,130.36373173849523,
589,Yency Almonte,Rockies,80.0,
590,Adam Ottavino,Rockies,22.75666682626319,
591,Kyle Freeland,Rockies,85.92590190972223,
592,Jon Gray,Rockies,152.1181138409058,
593,Wade Davis,Rockies,46.48624610990108,
594,Chad Bettis,Rockies,107.44810491843798,
595,Jake McGee,Rockies,20.758793741512022,
596,Chris Rusin,Rockies,55.77921685977851,
597,Mike Dunn,Rockies,20.575364546014253,
598,Jerry Vasto,Rockies,80.0,
599,Will Smith,Giants,32.65819586106288,
600,Casey Kelly,Giants,63.55580103969755,
601,Madison Bumgarner,Giants,117.77272228999995,
602,Sam Dyson,Giants,22.915967790916433,
603,Hunter Strickland,Giants,17.803363779826835,
604,Derek Holland,Giants,143.25397534672155,
605,Ty Blach,Giants,80.65233323494685,
606,Chris Stratton,Giants,117.88021541950113,
607,Ray Black,Giants,80.0,
608,Derek Law,Giants,18.303022893695815,
609,Tyler Beede,Giants,80.0,
610,D.J. Snelten,Giants,80.0,
611,Reyes Moronta,Giants,17.050445284604077,
612,Dereck Rodriguez,Giants,80.0,
613,Tony Watson,Giants,18.0532175386497,
614,Mark Melancon,Giants,17.963345107705884,
615,Johnny Cueto,Giants,125.59401906871595,
616,Cory Gearrin,Giants,21.990232780612256,
617,Andrew Suarez,Giants,67.72863421550095,
618,Pierce Johnson,Giants,33.12004333496093,
619,Jeff Samardzija,Giants,136.19399078278371,
620,Roberto Gomez,Giants,80.0,
621,Josh Osich,Giants,20.056634374999987,
622,Jose Valdez,Giants,25.831240999999988,
623,Michael Kopech,White Sox,80.0,
624,Joakim Soria,White Sox,19.473106200690342,
625,Xavier Cedeno,White Sox,19.384103705831663,
626,Jace Fry,White Sox,28.135864409722217,
627,Juan Minaya,White Sox,24.463975,
628,Jeanmar Gomez,White Sox,36.210662835327135,
629,James Shields,White Sox,123.72015109465104,
630,Danny Farquhar,White Sox,23.881767243367943,
631,Lucas Giolito,White Sox,117.38452498356342,
632,Tyler Danish,White Sox,80.0,
633,Gregory Infante,White Sox,22.141620906660727,
634,Bruce Rondon,White Sox,30.703570842012503,
635,Ryan Burr,White Sox,80.0,
636,Nate Jones,White Sox,22.445703399786396,
637,Carlos Rodon,White Sox,99.62584218749996,
638,Aaron Bummer,White Sox,13.810254902742344,
639,Luis Avilan,White Sox,17.919012386603228,
640,Chris Beck,White Sox,22.254204213403717,
641,Reynaldo Lopez,White Sox,110.93478851606808,
642,Hector Santiago,White Sox,91.93076924621928,
643,Dylan Covey,White Sox,109.97728228878115,
644,Chris Volstad,White Sox,88.96885605536333,
645,Thyago Vieira,White Sox,80.0,
646,Carson Fulmer,White Sox,121.88479058159722,
647,Miguel Gonzalez,White Sox,110.8185930280957,
648,Kelvin Herrera,Royals,18.46814342908727,
649,Kevin McCarthy,Royals,20.086645045835215,
650,Scott Barlow,Royals,80.0,
651,Brian Flynn,Royals,19.93170398461315,
652,Jakob Junis,Royals,79.51505061728392,
653,Tim Hill,Royals,15.937487552021402,
654,Glenn Sparkman,Royals,80.0,
655,Jason Adam,Royals,23.288955515088443,
656,Eric Skoglund,Royals,80.0,
657,Jorge Lopez,Royals,80.0,
658,Blaine Boyer,Royals,22.37647048501743,
659,Enny Romero,Royals,23.376880694229836,
660,Brad Keller,Royals,76.5612943672839,
661,Wily Peralta,Royals,105.32182651216303,
662,Jake Newberry,Royals,80.0,
663,Heath Fillmyer,Royals,80.0,
664,Danny Duffy,Royals,104.94826515704892,
665,Ian Kennedy,Royals,110.9265351042261,
666,Jason Hammel,Royals,103.31505533235934,
667,Burch Smith,Royals,74.98353402634298,
668,Trevor Oaks,Royals,80.0,
669,Brandon Maurer,Royals,32.24044016983066,
670,Justin Grimm,Royals,32.543794508338785,
671,Eric Stout,Royals,80.0,
672,Kyle Barraclough,Marlins,22.1650587456475,
673,Drew Rucinski,Marlins,33.656522827148436,
674,Brad Ziegler,Marlins,17.41889754586243,
675,Caleb Smith,Marlins,134.415694,
676,Dan Straily,Marlins,95.78308478954084,
677,Adam Conley,Marlins,108.84050147392284,
678,Brett Graves,Marlins,80.0,
679,Jarlin Garcia,Marlins,36.898465155914664,
680,Odrisamer Despaigne,Marlins,81.70073755024018,
681,Javy Guerra,Marlins,21.305633775403376,
682,Dillon Peters,Marlins,80.0,
683,Tyler Cloyd,Marlins,108.64518518518517,
684,Jacob Turner,Marlins,74.57352827037677,
685,Sandy Alcantara,Marlins,80.0,
686,Nick Wittgren,Marlins,25.47351782193074,
687,Drew Steckenrider,Marlins,21.75184738802163,
688,Pablo Lopez,Marlins,80.0,
689,Trevor Richards,Marlins,80.0,
690,Jose Urena,Marlins,77.2190486053719,
691,Tayron Guerrero,Marlins,28.035156249999996,
692,Wei-Yin Chen,Marlins,76.50467333076571,
693,Elieser Hernandez,Marlins,52.59475994513031,
694,Merandy Gonzalez,Marlins,80.0,
695,Chris O'Grady,Marlins,50.96429421768707,
696,Ben Meyer,Marlins,80.0,
697,Junichi Tazawa,Marlins,24.988591906210605,
698,Trey Wingenter,Padres,80.0,
699,Matt Strahm,Padres,28.79677066666667,
700,Craig Stammen,Padres,37.78367828466103,
701,Brad Hand,Padres,33.46927108333336,
702,Joey Lucchesi,Padres,94.83348922902493,
703,Jacob Nix,Padres,80.0,
704,Jordan Lyles,Padres,78.77884798746659,
705,Kyle McGrath,Padres,25.305530045351475,
706,Eric Lauer,Padres,80.0,
707,Miguel Diaz,Padres,35.891127989969135,
708,Kazuhisa Makita,Padres,38.15670000000001,
709,Brett Kennedy,Padres,80.0,
710,Walker Lockett,Padres,80.0,
711,Kirby Yates,Padres,21.963696322089717,
712,Robert Stock,Padres,80.0,
713,Jose Castillo,Padres,25.72357340976331,
714,Adam Cimber,Padres,25.36657086795938,
715,Robbie Erlin,Padres,79.4132788085938,
716,Phil Maton,Padres,26.51453125000001,
717,Tyson Ross,Padres,123.50090574545646,
718,Colten Brewer,Padres,80.0,
719,Clayton Richard,Padres,106.25085888216442,
720,Phil Hughes,Padres,104.13068177764558,
721,Bryan Mitchell,Padres,38.76317690972225,
722,Luis Perdomo,Padres,80.94644046725462,
723,Tyler Webb,Padres,80.0,
724,Buddy Baumann,Padres,40.70421615304708,
725,Josh Smoker,Tigers,26.581886603599763,
726,Victor Alcantara,Tigers,22.952658317580344,
727,Louis Coleman,Tigers,21.21395003758759,
728,Blaine Hardy,Tigers,30.027543181103283,
729,Joe Jimenez,Tigers,30.824655247496008,
730,Jordan Zimmermann,Tigers,109.60032022074141,
731,Michael Fulmer,Tigers,112.7444964072145,
732,Buck Farmer,Tigers,46.028136094674565,
733,Drew VerHagen,Tigers,22.929709781009496,
734,Daniel Stumpf,Tigers,17.611216227590266,
735,Zac Reininger,Tigers,23.82985827664399,
736,Johnny Barbato,Tigers,28.96117865444215,
737,Jacob Turner,Tigers,74.57352827037677,
738,Sandy Baez,Tigers,80.0,
739,Mike Fiers,Tigers,115.25869574684282,
740,Alex Wilson,Tigers,19.276178049923395,
741,Shane Greene,Tigers,53.33570848588311,
742,Matt Boyd,Tigers,114.37644775086507,
743,Warwick Saupold,Tigers,30.877690455829867,
744,Francisco Liriano,Tigers,151.73274167941284,
745,Artie Lewicki,Tigers,80.0,
746,Daniel Norris,Tigers,83.9492254380925,
747,Ryan Carpenter,Tigers,80.0,
748,Chad Bell,Tigers,41.252973465140485,
749,Zach McAllister,Tigers,53.689263998724456,
750,Paul Fry,Orioles,22.022951388888888,
751,Zach Britton,Orioles,41.90484921777494,
752,Miguel Castro,Orioles,25.054268639053245,
753,Kevin Gausman,Orioles,116.61850822060354,
754,Andrew Cashner,Orioles,95.87943742791242,
755,David Hess,Orioles,80.0,
756,Mike Wright,Orioles,50.10081978516476,
757,Josh Rogers,Orioles,80.0,
758,Donnie Hart,Orioles,15.187639139979353,
759,Yefry Ramirez,Orioles,80.0,
760,Nestor Cortes,Orioles,80.0,
761,Jimmy Yacabonis,Orioles,80.0,
762,Evan Phillips,Orioles,80.0,
763,Richard Bleier,Orioles,13.954945621296964,
764,Sean Gilmartin,Orioles,33.62093830589168,
765,Darren O'Day,Orioles,20.15301378709644,
766,Ryan Meisinger,Orioles,80.0,
767,Mychal Givens,Orioles,24.28578363830902,
768,Brad Brach,Orioles,21.7321845714861,
769,Alex Cobb,Orioles,116.26728810586731,
770,Dylan Bundy,Orioles,149.33010868252626,
771,Jhan Marinez,Orioles,16.661139834103118,
772,Tanner Scott,Orioles,34.363660762574376,
773,Cody Carroll,Orioles,80.0,
774,Pedro Araujo,Orioles,80.0,
775,Chris Tillman,Orioles,128.1535097647393,
