mlb_id,Name,Team,Opponent,Position,Batting Order,Projection,Actual,Price,Value,dk_points,dk_25_percentile,dk_50_percentile,dk_75_percentile,dk_85_percentile,dk_95_percentile,dk_99_percentile,fd_points,fd_25_percentile,fd_50_percentile,fd_75_percentile,fd_85_percentile,fd_95_percentile,fd_99_percentile,yahoo_points,yahoo_25_percentile,yahoo_50_percentile,yahoo_75_percentile,yahoo_85_percentile,yahoo_95_percentile,yahoo_99_percentile,PA,Singles,Doubles,Triples,HR,R,RBI,BB,SB,CS,AVG,OBP,SLG,OPS,wOBA,ISO,IP,Wins,QS,K,CG,CGSO,ERA,FIP
434671,Anibal Sanchez,atl,was,P,,14.9492,5.9,8100,1.84558024691358,14.9492,6.25,14.95,23.5625,27.75,34.4525,41.9035,29.099,15,29,43,49,58,66,16.0146,6,16,26,30,38,45,25.2,3.8538,1.2056,0.1076,0.9918,3.3096,0,1.9444,0,0,,,,,,,5.87953,0.3038,0.4354,5.6774,0.0274,0.013,4.661699149421808,4.410807702316341
461829,Gio Gonzalez,was,atl,P,,17.1751,19.55,6200,2.770177419354839,17.1751,8.3875,17.725,25.7,29.65,37.05,43.65,32.9838,19,35,47,52,60,67,18.312,9,19,28,33,39,45,26.8254,4.343,1.2118,0.0844,0.6142,2.8728,0,2.2924,0,0,,,,,,,6.32833,0.4298,0.5474,5.7402,0.0446,0.031,3.7878239598756704,3.6913273817895083
607208,Trea Turner,was,atl,SS,2,9.3252,8,5300,1.7594716981132077,9.3252,3,8,14,17,24,31,11.9426,3,9.2,18.4,22.2,31.2,40.902,7.716,2,6,12,14,20,26,4.4896,0.8122,0.1958,0.032,0.1376,0.6746,0.4674,0.3418,0.262,0.1052,0.2839095424080235,0.33842658588738417,0.44606779497564975,0.7844943808630339,0.3398923734853885,0.16215825256762623,0,0,0,0.9434,0,0,,
665742,Juan Soto,was,atl,OF,3,9.1626,4,4800,1.9088749999999997,9.1626,3,7,14,17,24,33,12.1958,3.2,9.2,18.7,22.415,31.7,44.4,7.834,2,6,12,14,20,28,4.3828,0.6394,0.2068,0.0212,0.1964,0.6738,0.62,0.6266,0.0472,0.0332,0.2832117565624833,0.38568951355297987,0.5064160587828125,0.8921055723357924,0.38484315962398474,0.22320430222032916,0,0,0,0.89,0,0,,
518692,Freddie Freeman,atl,was,1B,3,8.4648,13,4700,1.801021276595745,8.4648,3,7,12,16,23,31,11.0334,3,9,15.7,21.7,31.2,41.4,7.104,2,6,10,14,20,26,4.5302,0.7502,0.2284,0.0184,0.148,0.5574,0.5318,0.5098,0.0494,0.03,0.2847975325838225,0.36528188600944766,0.4611978907571386,0.8264797767665862,0.35927345371065295,0.17640035817331606,0,0,0,0.9404,0,0,,
645277,Ozzie Albies,atl,was,2B,2,8.7714,3,4600,1.9068260869565217,8.7714,3,7,13,16,24,33,11.2062,3,9.2,16,21.7,30.91,43.9,7.2272,2,6,10,14,20,28,4.6408,0.8168,0.2596,0.0306,0.1346,0.6268,0.48,0.2658,0.1374,0.0806,0.2837942857142857,0.3248146871229099,0.44941714285714285,0.7742318299800528,0.33378279606964323,0.16562285714285713,0,0,0,0.7966,0,0,,
660670,Ronald Acuna Jr.,atl,was,OF,1,9.502,14,4500,2.1115555555555554,9.502,3,7,14,18,26,35,12.2471,3,9.2,18.7,24.4,34.2,46.6,7.9152,2,6,12,16,22,30,4.7556,0.7582,0.239,0.016,0.1924,0.6214,0.5,0.4368,0.1728,0.112,0.27915161618968226,0.34536125830599707,0.4755487635454292,0.8209100218514263,0.354171461014383,0.19639714735574693,0,0,0,1.2398,0,0,,
455976,Nick Markakis,atl,was,OF,4,6.9992,17,4300,1.6277209302325581,6.9992,3,5,10,13,19,26,9.0675,3,6.5,12.5,16,25.2,35.2,5.8188,2,4,8,10,16,22,4.431,0.8154,0.2266,0.0044,0.0608,0.473,0.4894,0.406,0.008,0.0078,0.27508074534161486,0.3415030467163168,0.37888198757763975,0.7203850342939566,0.31849275558564655,0.10380124223602488,0,0,0,0.6436,0,0,,
502517,Daniel Murphy,was,atl,1B,5,8.7636,10,4200,2.0865714285714287,8.7636,3,7,13,17,23,30.01,11.5182,3,9.2,16.25,22.2,31.4,41.4,7.3688,2,6,10,14,20,26,4.1862,0.7432,0.262,0.019,0.1672,0.5996,0.6902,0.3672,0.0172,0.01,0.31196648337261057,0.3723185705413023,0.5218643623985335,0.8941829329398359,0.38345841096937555,0.20989787902592294,0,0,0,0.5098,0,0,,
594809,Adam Eaton,was,atl,OF,1,8.5314,5,4200,2.031285714285714,8.5314,3,7,12,16,22,30,10.9498,3,9.2,15.4,21.415,28.4,40.4,7.086,2,6,10,14,18,26,4.593,0.837,0.1994,0.035,0.1252,0.6354,0.3874,0.5014,0.0886,0.052,0.29245283018867924,0.36969301110385366,0.4500928732036368,0.8197858843074904,0.357441323753538,0.15764004301495754,0,0,0,0.788,0,0,,
475582,Ryan Zimmerman,was,atl,1B,6,8.5452,5,4100,2.084195121951219,8.5452,2,6,14,18,24,34,11.3101,3,6.7,18.7,24.7,32.005,46.9,7.2208,2,4,12,16,20,30,4.0704,0.6016,0.2148,0.012,0.2356,0.5548,0.7358,0.2846,0.0128,0.0088,0.2810502403719161,0.3313187893081761,0.530825717153574,0.8621445064617501,0.36683249803459117,0.24977547678165785,0,0,0,0.9002,0,0,,
543685,Anthony Rendon,was,atl,3B,4,9.0008,12,4100,2.1953170731707314,9.0008,3,7,14,17,24,34,11.9439,3,9.2,18.6,22.5,31.9,47.4,7.638,2,6,12,14,20,30,4.2896,0.6808,0.28,0.0106,0.1774,0.6372,0.719,0.4286,0.026,0.018,0.29753949753949754,0.36772659455427076,0.5133903133903134,0.8811169079445842,0.3782677172696755,0.21585081585081584,0,0,0,0.7306,0,0,,
572191,Michael A. Taylor,was,atl,OF,7,7.3076,14,3900,1.8737435897435897,7.3076,2,5,11,15,21,30,9.4205,3,6.2,15,18.7,28.2,39.905,6.0592,2,4,10,12,18,26,3.9572,0.6094,0.1872,0.0222,0.1312,0.407,0.5006,0.2568,0.145,0.0584,0.2567290022700249,0.30496310522591735,0.4256837098692034,0.7306468150951207,0.31579328818356417,0.16895470759917852,0,0,0,1.2256,0,0,,
542255,Ender Inciarte,atl,was,OF,7,6.4456,0,3900,1.6527179487179486,6.4456,2,5,10,12,18,25,8.14186,3,6.2,12.2,15.5,22.715,32.403,5.2488,2,4,8,10,14,20,4.1066,0.8064,0.1234,0.019,0.0422,0.3298,0.4054,0.321,0.1446,0.0664,0.2617814877430262,0.31948570593678466,0.3378592561284869,0.6573449620652716,0.2924636925924121,0.07607776838546071,0,0,0,0.6412,0,0,,
518586,Charlie Culberson,atl,was,3B,6,6.2978,6,3700,1.702108108108108,6.2978,2,5,9,12,18,25,8.08084,3,6,12.2,15.7,24.9,33.702,5.1964,2,4,8,10,16,22,4.2154,0.6884,0.1958,0.0138,0.0672,0.3612,0.428,0.3084,0.0552,0.0346,0.24704376759662147,0.3021302841960431,0.35582288200665474,0.6579531662026978,0.28981501162404516,0.10877911441003327,0,0,0,0.982,0,0,,
435559,Kurt Suzuki,atl,was,C,5,7.5132,5,3500,2.1466285714285718,7.5132,2,5,11,15,22,29,9.86966,3,6.5,13,19.2,28.7,40.402,6.3168,2,4,8,12,18,26,4.3264,0.6844,0.2272,0.003,0.136,0.4918,0.5922,0.369,0.0068,0.005,0.26547733360287057,0.328125,0.42750290594834994,0.7556279059483499,0.3287573502218935,0.16202557234547937,0,0,0,0.5344,0,0,,
446308,Matt Wieters,was,atl,C,8,5.9126,2,3100,1.9072903225806452,5.9126,2,4,8,13,19,27,7.75554,3,6,9.775,16,25.2,35.405,4.974,2,4,6,10,16,22,3.8318,0.5428,0.142,0.005,0.1128,0.3672,0.4422,0.3482,0.0182,0.0118,0.23039384544723848,0.30032882718304715,0.3711677574922494,0.6714965846752965,0.2956419959288063,0.1407739120450109,0,0,0,0.8382,0,0,,
621020,Dansby Swanson,atl,was,SS,8,6.1638,4,3100,1.9883225806451614,6.1638,2,5,9,12,18,26,8.0101,3,6,12.2,15.7,24.9,34.7,5.152,2,4,8,10,16,22,3.986,0.6132,0.183,0.0144,0.0758,0.372,0.4154,0.3926,0.0352,0.0228,0.24667445872989366,0.32087305569493224,0.3688985362052652,0.6897715919001974,0.3050731058705469,0.12222407747537153,0,0,0,0.878,0,0,,
446372,Corey Kluber,cle,min,P,,25.3899,17.55,10900,2.3293486238532113,25.3899,17.35,26.15,33.8,38.2,45.05,51.9015,44.2122,33,47,57,62.15,70,76,27.4028,19,29,37,41,48,53,27.0996,3.4996,1.3258,0.1034,0.8064,2.4604,0,1.3344,0,0,,,,,,,6.84293,0.5128,0.692,8.2088,0.064,0.0502,2.975830528735498,2.874781710466131
621244,Jose Berrios,min,cle,P,,13.4934,5,9000,1.4992666666666665,13.4934,5.65,13.5,21.55,25.6,32.25,40.25,27.2006,14,27,40,46,55,63,14.4502,6,15,24,28,35,42,25.4716,3.5646,1.362,0.092,0.8746,3.2658,0,2.4974,0,0,,,,,,,5.89,0.245,0.4436,5.1148,0.0276,0.0138,4.6136842105263165,4.622602716468592
608070,Jose Ramirez,cle,min,3B,3,9.6134,4,5700,1.686561403508772,9.6134,3,8,14,18,25,34.01,12.7694,3.5,9.5,18.7,24.7,33.9,46.9,8.206,2,6,12,16,22,30,4.3532,0.5956,0.2918,0.026,0.1852,0.6584,0.6574,0.594,0.0976,0.0486,0.2922430304320068,0.3888174216668198,0.531496062992126,0.9203134846589458,0.39433221538178814,0.23925303256011926,0,0,0,0.6068,0,0,,
596019,Francisco Lindor,cle,min,SS,1,9.2754,14,5400,1.7176666666666667,9.2754,3,7,14,17,24,35,12.1591,3,9.2,18.7,22.2,31.9,46.603,7.828,2,6,12,14,20,30,4.575,0.6702,0.2616,0.0218,0.1958,0.6868,0.5594,0.465,0.0804,0.0486,0.27965936739659364,0.3528743169398907,0.49683698296836976,0.8497112999082604,0.36516354098360654,0.21717761557177612,0,0,0,0.7622,0,0,,
488726,Michael Brantley,cle,min,OF,2,8.7272,7,4600,1.897217391304348,8.7272,3,7,13,16,23,30,11.3071,3,9.2,16,21.7,30.9,40.6,7.2712,2,6,10,14,20,26,4.456,0.807,0.287,0.0144,0.1324,0.652,0.5398,0.3532,0.0684,0.0378,0.3024276104124013,0.35771992818671455,0.47621136784634877,0.8339312960330634,0.36012616696588867,0.17378375743394747,0,0,0,0.4868,0,0,,
429665,Edwin Encarnacion,cle,min,1B,4,8.1432,0,4200,1.9388571428571428,8.1432,2,5,13,18,23,34,10.9951,3,6.5,16.275,24.7,31.9,47.4,7.02,2,4,10,16,20,30,4.2622,0.4874,0.1706,0.0032,0.227,0.5664,0.7036,0.4842,0.0048,0.0044,0.23509793541556379,0.32199333677443576,0.4622022233986236,0.7841955601730594,0.33867969593167846,0.22710428798305982,0,0,0,1.0688,0,0,,
592696,Eddie Rosario,min,cle,OF,2,8.0612,5,4200,1.9193333333333333,8.0612,2,6,13,16,23,32,10.2633,3,6.2,15.7,21.7,30.9,43.9,6.6192,2,4,10,14,20,28,4.3982,0.6902,0.228,0.0192,0.203,0.4998,0.469,0.1662,0.0794,0.0578,0.26947069943289226,0.2970760765767814,0.4763232514177695,0.7733993279945509,0.32989659406120686,0.20685255198487723,0,0,0,1.0368,0,0,,
475174,Yonder Alonso,cle,min,1B,5,8.108,14,4000,2.027,8.108,2,6,12,16,23,32,10.7658,3,6.5,15.9,22.2,31.4,44.4,6.8936,2,4,10,14,20,28,4.1584,0.5922,0.2184,0.0024,0.1942,0.537,0.636,0.4396,0.0106,0.0074,0.27084005593202104,0.34792227779915347,0.48752285683553837,0.8354451346346918,0.35989144863409,0.21668280090351733,0,0,0,0.8972,0,0,,
596146,Max Kepler,min,cle,OF,5,6.367,7,3800,1.6755263157894738,6.367,0,5,9,14,20,28,8.28332,0,6,12.2,18.7,25.7,38.403,5.3368,0,4,8,12,16,24,4.112,0.4766,0.225,0.0192,0.1284,0.3876,0.4012,0.315,0.0334,0.0214,0.22365025019752435,0.2831225680933852,0.39446931788253886,0.677591885975924,0.2941755836575875,0.1708190676850145,0,0,0,1.035,0,0,,
593934,Miguel Sano,min,cle,1B,4,6.6644,3,3700,1.8011891891891891,6.6644,0,4,10,16,21,30,8.82366,0,6,12.7,21.7,28.4,40.9,5.658,0,4,8,14,18,26,4.2084,0.4042,0.184,0.0058,0.2006,0.4288,0.5018,0.2956,0.0054,0.0032,0.20307708035166633,0.2590533219275734,0.4068697607851155,0.665923082712689,0.28689749073282006,0.20379268043344917,0,0,0,1.8768,0,0,,
593871,Jorge Polanco,min,cle,SS,3,6.3154,18,3600,1.7542777777777778,6.3154,2,5,10,13,19,27,8.03524,3,6,12.2,15.915,24.9,35.4,5.1872,2,4,8,10,16,22,4.3096,0.6292,0.2052,0.0266,0.0824,0.3682,0.3616,0.2632,0.0758,0.053,0.23314551206010284,0.27997958047150545,0.3580960854092528,0.6380756658807583,0.27878002598849083,0.12495057334914997,0,0,0,1.0952,0,0,,
466320,Melky Cabrera,cle,min,OF,6,6.6914,4,3500,1.9118285714285714,6.6914,2,5,10,13,19,26,8.59808,3,6.2,12.5,16,25.2,35.2,5.5156,2,4,8,10,16,22,4.0528,0.7304,0.2482,0.0124,0.0794,0.4314,0.4768,0.2408,0.0136,0.0084,0.28079748163693596,0.32352941176470584,0.4149003147953829,0.7384297265600888,0.32080990919857877,0.13410283315844695,0,0,0,0.5826,0,0,,
543401,Jason Kipnis,cle,min,2B,7,6.855,10,3500,1.9585714285714286,6.855,2,5,10,14,21,28,9.0147,3,6.2,12.5,18.7,28.2,38.1,5.7928,2,4,8,12,18,24,3.9434,0.5242,0.211,0.0232,0.1172,0.439,0.4754,0.405,0.0462,0.0262,0.24745647750395655,0.3247451437845514,0.4195681664028939,0.7443133101874453,0.3244796875792463,0.17211168889893735,0,0,0,0.8306,0,0,,
656185,Greg Allen,cle,min,OF,9,5.6792,13,3400,1.6703529411764706,5.6792,2,5,9,11,16,23,7.33096,3,6,12,15.2,21.7,31.2,4.7304,2,4,8,10,14,20,3.6998,0.5674,0.171,0.023,0.0268,0.4038,0.3092,0.345,0.1108,0.06,0.23494694169548114,0.3062868263149359,0.3235960414927864,0.6298828678077224,0.2815360830315153,0.08864909979730529,0,0,0,0.951,0,0,,
523253,Logan Forsythe,min,cle,2B,1,5.9676,3,2900,2.057793103448276,5.9676,2,5,9,12,18,24,7.60156,3,6,12,15.5,24.7,31.9,4.9208,2,4,8,10,16,20,4.5,0.6082,0.2128,0.0092,0.0864,0.4048,0.2788,0.3006,0.0346,0.0184,0.21826927656331857,0.2704888888888889,0.3350478639805687,0.6055367528694575,0.26640902222222224,0.11677858741725011,0,0,0,1.3168,0,0,,
595909,Jake Cave,min,cle,OF,7,5.8754,2,2900,2.026,5.8754,0,4,9,13,19,27,7.5341,0,6,10,16,25.2,36.902,4.852,0,4,6,10,16,24,3.8698,0.5268,0.1792,0.027,0.1132,0.339,0.3766,0.2174,0.037,0.0264,0.23168327674953457,0.27484624528399404,0.38851166356368416,0.6633579088476782,0.2870231536513515,0.1568283868141496,0,0,0,1.3584,0,0,,
608654,Johnny Field,min,cle,OF,8,5.6018,3,2900,1.9316551724137931,5.6018,0,3,8,12,19,27,7.1982,0,3.35,9.7,15.7,25.2,35.712,4.63,0,2,6,10,16,22.02,3.7444,0.4638,0.211,0.0098,0.109,0.322,0.3776,0.1454,0.0594,0.0414,0.22050569602667405,0.2507744899049247,0.37543762156154487,0.6262121114664696,0.2696341736993911,0.1549319255348708,0,0,0,1.2326,0,0,,
501303,Ehire Adrianza,min,cle,SS,6,5.573,0,2800,1.990357142857143,5.573,0,4,8,12,17.05,25,7.10312,0,6,9.5,15.2,22.21,34.101,4.588,0,4,6,10,14,22,3.9982,0.5426,0.1944,0.0176,0.0726,0.3326,0.3092,0.2424,0.0676,0.0398,0.22024601948985567,0.26752038417287777,0.3393684434740934,0.6068888276469712,0.26591511180031013,0.11912242398423772,0,0,0,1.1352,0,0,,
435064,Bobby Wilson,min,cle,C,9,4.1894,5,2600,1.611307692307692,4.1894,0,3,6,9,16,23,5.4113,0,3,9,12.2,21.9,31.2,3.4764,0,2,6,8,14,20,3.6212,0.3896,0.1294,0.001,0.0862,0.276,0.283,0.1438,0.0196,0.0118,0.17432564559728536,0.2071136639787916,0.2864784034048427,0.4935920673836343,0.21564415111012925,0.11215275780755735,0,0,0,1.141,0,0,,
547379,Roberto Perez,cle,min,C,8,5.312,0,2600,2.043076923076923,5.312,0,3,7,11,18,26,7.07234,0,3.5,9.5,15.2,24.9,35.4,4.5364,0,2,6,10,16,22,3.8268,0.3988,0.158,0.0094,0.0926,0.3702,0.3874,0.3676,0.0148,0.0126,0.1904486586493987,0.26821365109229645,0.32186632747456057,0.590079978566857,0.2626854290791261,0.13141766882516187,0,0,0,1.307,0,0,,
448855,Junior Guerra,mil,sdn,P,,19.7248,8.9,7300,2.7020273972602737,19.7248,11.5,20.65,28.15,32.05,38.2025,43.9015,35.8262,23,38,49,54,62,69,21.2508,12,22,31,35,41,47.01,24.9832,3.1696,0.9568,0.097,0.7564,2.5332,0,2.381,0,0,,,,,,,6.04373,0.4518,0.4936,6.6798,0.0128,0.0118,3.489368320557007,3.755405289448734
592885,Christian Yelich,mil,sdn,OF,2,8.971,2,5400,1.6612962962962963,8.971,3,7,13,17,24,31.01,11.5544,3,9.2,18,22.2,31.41,41.915,7.436,2,6,12,14,20,26.02,4.4266,0.8212,0.2486,0.0286,0.1636,0.68,0.5288,0.289,0.0808,0.0408,0.3050077339520495,0.35038178285817556,0.4975348027842228,0.8479165856423984,0.3639596981882258,0.1925270688321733,0,0,0,0.9622,0,0,,
542583,Jesus Aguilar,mil,sdn,1B,3,9.977,0,5300,1.8824528301886791,9.977,3,7,16,19,28,38,13.2816,3,9.2,21.7,25.7,37.6,53.102,8.4872,2,6,14,16,24,34,4.3194,0.587,0.2152,0.0076,0.3324,0.6976,0.8226,0.3384,0.0076,0.004,0.28691283597086165,0.34277908968838267,0.5952775684501381,0.9380566581385208,0.3954922442931889,0.3083647324792765,0,0,0,1.0278,0,0,,
460075,Ryan Braun,mil,sdn,1B,4,9.1526,0,4900,1.8678775510204082,9.1526,3,7,14,18,24,33,11.9849,3,9.2,18.7,24.9,32.2,44.7,7.6796,2,6,12,16,20,28,4.2124,0.6378,0.2582,0.0226,0.228,0.5936,0.6936,0.267,0.0758,0.0424,0.2906169209712577,0.33558066660336155,0.5408830536827698,0.8764637202861314,0.37232076725857,0.2502661327115121,0,0,0,0.7186,0,0,,
456715,Lorenzo Cain,mil,sdn,OF,1,8.9884,6,4700,1.9124255319148935,8.9884,3,8,13,16,23,32,11.4325,3,9.2,16,21.7,30.21,43.6,7.398,2,6,10,14,20,28,4.5212,0.8894,0.2346,0.0286,0.136,0.6558,0.4086,0.3718,0.1372,0.062,0.3105509230250156,0.36724763337167116,0.4792018123102136,0.8464494456818847,0.3659220560913032,0.168650889285198,0,0,0,0.7028,0,0,,
572362,Robbie Erlin,sdn,mil,P,,11.9416,8.45,4600,2.5959999999999996,11.9416,3.95,11.55,19.8,24.15,30.4,37.65,24.1946,12,24,37,43,51,59,12.871,4,13,22,27,33,40,24.755,4.1028,1.3296,0.1164,1.1792,3.4508,0,1.0062,0,0,,,,,,,5.78293,0.2572,0.416,4.2906,0.0288,0.012,4.944068145386508,4.8459362312876
543768,Travis Shaw,mil,sdn,2B,6,7.4666,16,4400,1.6969545454545454,7.4666,2,5,11,16,22,33,9.83512,3,6.2,15.2,21.7,28.7,44.103,6.3056,2,4,10,14,18,28,3.9908,0.5408,0.1866,0.0108,0.1954,0.5146,0.5476,0.3202,0.0212,0.012,0.25434533863673514,0.314172596973038,0.47076772189832716,0.7849403188713652,0.33704806053924025,0.21642238326159202,0,0,0,0.7622,0,0,,
541650,Hernan Perez,mil,sdn,2B,5,7.8732,13,4300,1.8309767441860465,7.8732,2,6,12,16,22,30,10.1174,3,6.5,15.5,21.7,28.9,40.4,6.4904,2,4,10,14,18,26,4.108,0.7008,0.1974,0.035,0.1508,0.517,0.5568,0.1416,0.113,0.0566,0.273295683743445,0.2983446932814022,0.45477006857603874,0.753114761857441,0.32221767283349567,0.18147438483259376,0,0,0,0.6966,0,0,,
543333,Eric Hosmer,sdn,mil,1B,2,8.3636,0,4200,1.9913333333333334,8.3636,3,6,12,17,23,31.01,10.9749,3,9,15.7,22.2,31.21,41.606,7.0668,2,6,10,14,20,26,4.5614,0.6666,0.213,0.0086,0.1784,0.6124,0.5044,0.4982,0.0432,0.027,0.26250246111439257,0.34305257157890123,0.4508761567237645,0.7939287283026657,0.34490893146840884,0.18837369560937195,0,0,0,0.991,0,0,,
608671,Travis Jankowski,sdn,mil,OF,1,6.9576,10,4100,1.6969756097560977,6.9576,2,5,10,13,19,26,8.9196,3,6.2,12.4,18,24.7,33.9,5.7996,2,4,8,12,16,22,4.6722,0.6894,0.1446,0.026,0.0436,0.463,0.2552,0.581,0.1848,0.0952,0.22086429409464214,0.3177518085698386,0.3008897145091904,0.618641523079029,0.28201249946492013,0.08002542041454824,0,0,0,1.1172,0,0,,
570731,Jonathan Schoop,mil,sdn,2B,7,7.9016,13,3900,2.026051282051282,7.9016,2,5,13,16,22,32,10.2582,3,6.2,16,21.9,29.2,43.9,6.5692,2,4,10,14,18,28,3.8808,0.6406,0.2104,0.0086,0.2274,0.5142,0.6032,0.1516,0.0094,0.008,0.2914834280810898,0.3191609977324263,0.5354499624584361,0.8546109601908625,0.3628746134817564,0.24396653437734633,0,0,0,0.7042,0,0,,
592669,Hunter Renfroe,sdn,mil,OF,3,7.7106,27,3900,1.9770769230769232,7.7106,2,5,12,16,23,33.01,10.2111,3,6.2,15.55,22.1,31.4,44.917,6.5424,2,4,10,14,20,28.02,4.4606,0.4994,0.2048,0.0138,0.207,0.507,0.5922,0.3488,0.0224,0.0126,0.224962303613989,0.285566964085549,0.43251130891580325,0.7180782730013522,0.3092622068779985,0.20754900530181425,0,0,0,1.3506,0,0,,
605486,Cory Spangenberg,sdn,mil,2B,5,6.8604,5,3900,1.7590769230769232,6.8604,2,5,10,14,21,30,8.88252,3,6,12.5,18.7,28.1,40.601,5.7184,2,4,8,12,18,26,4.2514,0.5918,0.167,0.0254,0.1276,0.4086,0.4464,0.3374,0.0772,0.0402,0.2329586101175268,0.29383261984287523,0.3864077669902912,0.6802403868331665,0.2968892129651408,0.15344915687276442,0,0,0,1.3792,0,0,,
614177,Franmil Reyes,sdn,mil,OF,4,7.723,24,3600,2.145277777777778,7.723,2,5,12,17,23,33,10.3118,3,6.2,15.9,22.2,31.7,44.4,6.6072,2,4,10,14,20,28,4.3538,0.4764,0.1316,0.0128,0.2316,0.504,0.6004,0.4568,0.019,0.0162,0.21873235822427511,0.3007028343056641,0.43736207338978705,0.7380649076954511,0.31944912490238414,0.21862971516551194,0,0,0,1.5384,0,0,,
444489,Manny Pina,mil,sdn,C,8,6.5104,10,3200,2.0345,6.5104,2,5,10,14,19.05,27,8.3754,3,6,12.2,18.7,25.7,37.4,5.3788,2,4,8,12,16,24,3.7514,0.6224,0.2032,0.0142,0.1312,0.415,0.4484,0.1994,0.0152,0.0106,0.2733671171171171,0.3119901903289438,0.44938063063063066,0.7613708209595744,0.32757813083115644,0.17601351351351358,0,0,0,0.672,0,0,,
520471,Freddy Galvis,sdn,mil,SS,7,5.7618,20,3200,1.8005625,5.7618,0,4,9,12,18,24,7.42076,0,6,12,15.5,24.7,31.9,4.7856,0,4,8,10,16,20,4.0264,0.5444,0.1616,0.027,0.0744,0.3218,0.356,0.334,0.0674,0.0362,0.21866536669916586,0.2834790383469104,0.33750406239844005,0.6209831007453505,0.2745509636399762,0.11883869569927419,0,0,0,0.9516,0,0,,
517369,Jose Pirela,sdn,mil,2B,6,6.102,10,3100,1.9683870967741937,6.102,2,5,9,12,18,25,7.86212,3,6,12,15.7,24.7,34.402,5.07,2,4,8,10,16,22,4.1432,0.5758,0.1858,0.0246,0.0838,0.3486,0.3748,0.348,0.0536,0.0362,0.2292369308600337,0.29397567097895344,0.3573988195615514,0.6513744905405048,0.28681347750530983,0.1281618887015177,0,0,0,0.9054,0,0,,
454560,A.J. Ellis,sdn,mil,C,8,5.589,4,2900,1.927241379310345,5.589,2,4,8,11,17,24.01,7.4177,3,6,9.5,13,22.4,32.42,4.7896,2,4,6,8,14,20.02,3.9056,0.4786,0.1432,0.0014,0.0756,0.318,0.3394,0.6186,0.0236,0.0182,0.2125950714937633,0.33731052847193777,0.3260115606936417,0.6633220891655794,0.30279685579680454,0.11341648919987837,0,0,0,0.8824,0,0,,
457918,J.A. Happ,nya,tex,P,,19.832,25.3,9300,2.1324731182795698,19.832,11.05,20.35,28.8,32.75,39.5525,46.85,36.4076,22,38,51,56,64,72,21.1874,11,22,31,36,42,49,26.2034,3.7254,1.0162,0.0672,0.977,2.9308,0,2.169,0,0,,,,,,,6.27313,0.5066,0.526,6.8518,0.0378,0.028,3.8788292287900936,4.034456708214241
519317,Giancarlo Stanton,nya,tex,OF,2,12.2272,14,5100,2.3974901960784316,12.2272,4,10,18,22.15,32,41,16.3253,6,12.5,24.9,30.9,43.9,56.8,10.4396,4,8,16,20,28,36,4.5334,0.6586,0.2326,0.0046,0.4336,0.9148,0.9658,0.4272,0.02,0.0144,0.32375432273147925,0.3874795958882958,0.6994301300472455,1.0869097259355414,0.4534816693872149,0.3756758073157663,0,0,0,0.8914,0,0,,
544369,Didi Gregorius,nya,tex,SS,3,9.64,7,4900,1.9673469387755103,9.64,3,7,14,19,26,35,12.5922,3,9.2,18.75,24.9,34.6,47.603,8.0608,2,6,12,16,22,30,4.4222,0.7966,0.2268,0.0188,0.2384,0.701,0.7216,0.2648,0.0414,0.0244,0.30802905662192714,0.3494640676586314,0.5436570933756676,0.8931211610342991,0.3804820225227262,0.23562803675374044,0,0,0,0.3724,0,0,,
543305,Aaron Hicks,nya,tex,OF,4,9.4658,18,4800,1.9720416666666665,9.4658,3,7,14,18,25,34,12.5795,3,9.2,18.7,24.9,34.4,47.4,8.0664,2,6,12,16,22,30,4.3168,0.6606,0.1904,0.0194,0.2172,0.6856,0.6856,0.5432,0.0752,0.0568,0.2882128471486114,0.37777983691623424,0.521623913504346,0.8994037504205803,0.3861573387694589,0.2334110663557346,0,0,0,0.5938,0,0,,
596059,Rougned Odor,tex,nya,2B,2,7.2164,5,4700,1.5354042553191491,7.2164,2,5,11,16,22,30,9.40374,3,6.2,13.2,21.7,28.7,41.6,6.0524,2,4,8,14,18,26,4.5638,0.5628,0.144,0.0104,0.1696,0.5002,0.4502,0.321,0.0972,0.0682,0.20901291599886865,0.26464788115167187,0.36777599698312435,0.6324238781347962,0.2757693588676104,0.1587630809842557,0,0,0,1.4406,0,0,,
595777,Jurickson Profar,tex,nya,3B,5,7.136,17,4600,1.551304347826087,7.136,2,5,10,14,21,28,9.37192,3,6.2,12.7,18.7,28.2,37.9,6.0272,2,4,8,12,18,24,4.2546,0.5902,0.2042,0.0144,0.1202,0.4686,0.4748,0.4572,0.0452,0.0296,0.24464107020593034,0.3258120622385183,0.40095855058724383,0.726770612825762,0.31901969632867955,0.1563174803813135,0,0,0,0.7902,0,0,,
458731,Brett Gardner,nya,tex,OF,1,9.2278,6,4400,2.097227272727273,9.2278,3,7,14,17,24,31,11.9543,3.5,9.2,18.4,21.915,31.4,41.101,7.6948,2,6,12,14,20,26,4.6434,0.8702,0.1992,0.0408,0.1464,0.7536,0.5228,0.416,0.0892,0.0488,0.2972512655532952,0.3602101908084593,0.46756871836116765,0.8277789091696269,0.35841323168368006,0.17031745280787247,0,0,0,0.4786,0,0,,
609280,Miguel Andujar,nya,tex,3B,6,8.575,19,4300,1.994186046511628,8.575,3,7,13,17,23,32,11.1168,3,9,16.2,22.2,31.4,43.905,7.116,2,6,10,14,20,28,4.1258,0.7508,0.2716,0.0164,0.1868,0.5776,0.6546,0.175,0.0302,0.0244,0.3102156525260707,0.33947355664356005,0.5291080287536701,0.8685815853972302,0.37019181734451506,0.21889237622759944,0,0,0,0.5288,0,0,,
425783,Shin-soo Choo,tex,nya,OF,1,7.3604,15,4200,1.7524761904761905,7.3604,2,5,10,15,21,30,9.66526,3,6.2,13,18.7,28.2,40.4,6.2476,2,4,8,12,18,26,4.667,0.5932,0.1522,0.0052,0.1552,0.5228,0.3786,0.5952,0.0466,0.0314,0.22245689866889337,0.321619884293979,0.37673756078392845,0.6983574450779074,0.3100248125133919,0.15428066211503508,0,0,0,1.4792,0,0,,
455139,Robinson Chirinos,tex,nya,C,7,6.727,6,4200,1.6016666666666666,6.727,2,4,10,16,21,31,9.0019,3,6,12.7,21.7,28.7,40.9,5.7876,2,4,8,14,18,26,4.0304,0.3836,0.147,0.0026,0.1922,0.423,0.4718,0.5064,0.0192,0.0112,0.2058456299659478,0.30562723302897976,0.4126560726447219,0.7182833056737017,0.31413497419610953,0.20681044267877413,0,0,0,1.5934,0,0,,
642558,Ariel Jurado,tex,nya,P,,5.67462,-4.75,4200,1.3511,5.67462,-1.6625,5.2,12.85,16.8,22.95,29.7505,15.2962,4,14,27,33,41,50,6.2278,-2,6,14,19,26,33,23.8748,4.216,1.29,0.0998,1.2906,3.9442,0,1.5814,0,0,,,,,,,5.3284,0.2188,0.3076,2.5608,0.0146,0.0062,6.145146760753697,6.234922077922077
462101,Elvis Andrus,tex,nya,SS,3,7.8716,0,4100,1.9199024390243904,7.8716,3,6,12,15,22,30,10.0525,3,7,15.2,19,28.7,40.9,6.4824,2,4,10,12,18,26,4.4514,0.7642,0.2444,0.0154,0.115,0.4696,0.47,0.3028,0.1198,0.059,0.27455045075447143,0.3238980994743227,0.4240466663452732,0.7479447658195959,0.3246683290650133,0.14949621559080178,0,0,0,0.7746,0,0,,
608336,Joey Gallo,tex,nya,1B,6,7.0594,0,4100,1.7218048780487807,7.0594,0,4,12,16,22,32,9.54762,0,6,16,22.2,31.2,44.4,6.116,0,4,10,14,20,28,4.1474,0.2894,0.1064,0.0092,0.2476,0.4696,0.5594,0.4408,0.034,0.02,0.1760643177035558,0.26363504846409797,0.4101332757783413,0.6737683242424393,0.2919148382118918,0.2340689580747855,0,0,0,1.8486,0,0,,
134181,Adrian Beltre,tex,nya,3B,4,7.487,0,3900,1.9197435897435897,7.487,2,5,10,16,22,29,9.78268,3,6.2,13,21.7,28.7,40.4,6.2808,2,4,8,14,18,26,4.3496,0.6778,0.1804,0.0088,0.1622,0.4684,0.5356,0.4106,0.006,0.0046,0.2612845899974613,0.3310189442707376,0.4350850469662351,0.7661039912369727,0.33321096192753363,0.17380045696877383,0,0,0,1.0112,0,0,,
435522,Neil Walker,nya,tex,1B,7,7.7292,28,3600,2.147,7.7292,3,5,11,16,22,31,10.1495,3,6.5,15.2,21.7,28.7,41.4,6.5088,2,4,10,14,18,26,4.006,0.666,0.1956,0.0082,0.1624,0.5376,0.5576,0.3926,0.0176,0.007,0.28565893618198923,0.35566650024962554,0.47916090109038567,0.8348274013400112,0.36070688966550174,0.19350196490839644,0,0,0,0.5968,0,0,,
595885,Greg Bird,nya,tex,1B,5,9.556,4,3600,2.6544444444444446,9.556,3,7,15,19,25,36,12.8369,3,9.2,19.7,25.2,34.9,48.115,8.2056,2,6,12,16,22,30.02,4.2278,0.5204,0.2166,0.0088,0.2906,0.683,0.7838,0.4644,0.0146,0.0116,0.2753892756549928,0.35498367945503567,0.569272466386778,0.9242561458418137,0.39143573489758265,0.29388319073178515,0,0,0,0.76,0,0,,
641432,Willie Calhoun,tex,nya,OF,8,6.1164,7,3600,1.6989999999999998,6.1164,0,5,8,14,20,28.01,7.84676,0,6,9.7,18.4,25.7,37.9,5.0416,0,4,6,12,16,24,3.9076,0.6306,0.1382,0.01,0.1348,0.3708,0.4204,0.2206,0.0164,0.0108,0.24778953078383512,0.29025488791073806,0.4003797125033903,0.6906346004141284,0.29947036544170336,0.15259018171955516,0,0,0,0.7816,0,0,,
519222,Austin Romine,nya,tex,C,8,6.5768,0,3500,1.8790857142857142,6.5768,2,5,10,13,19,28,8.52306,3,6.2,12.4,16.5,25.4,37.9,5.4652,2,4,8,10,16,24,3.8934,0.6586,0.2176,0.0036,0.103,0.4528,0.4694,0.2494,0.0222,0.0108,0.26970362239297474,0.3164843067755689,0.41619099890230504,0.7326753056778739,0.3182049622437972,0.1464873765093303,0,0,0,0.599,0,0,,
624636,Carlos Tocci,tex,nya,OF,9,4.4212,0,2900,1.524551724137931,4.4212,0,3,7,9,14,20,5.56904,0,3,9,12,18.505,25.701,3.6008,0,2,6,8,12,16,3.792,0.5732,0.1086,0.0144,0.0268,0.2882,0.2204,0.2386,0.0562,0.04,0.20346710193054543,0.2535864978902954,0.26476051105983,0.5183470089501254,0.23256297468354437,0.061293409129284576,0,0,0,1.2524,0,0,,
453203,Shane Robinson,nya,tex,OF,9,5.8036,0,2800,2.072714285714286,5.8036,2,5,9,11,16,23,7.3777,3,6,12.2,15.2,21.7,31.4,4.7404,2,4,8,10,14,20,3.7712,0.7164,0.156,0.0224,0.0326,0.421,0.3658,0.1958,0.0808,0.0432,0.2593835654751916,0.2978362324989393,0.342898696649326,0.6407349291482654,0.281631947390751,0.0835151311741344,0,0,0,0.3814,0,0,,
519144,Rick Porcello,bos,tor,P,,15.5411,-0.4,10000,1.55411,15.5411,7.05,15.575,24.0125,28.0575,34.55,42.05,29.8304,16,30,44,49,57,65,16.7758,7,17,26,31,38,45,25.548,3.6116,1.4498,0.124,1.0582,3.2884,0,1.683,0,0,,,,,,,6.05173,0.4232,0.4636,5.4632,0.033,0.0204,4.515072549502374,4.458974807203891
605141,Mookie Betts,bos,tor,OF,1,11.4184,34,5900,1.935322033898305,11.4184,5,10,17,21,29,37,14.9351,6,12.2,21.7,27.9,37.9,50.1,9.6316,4,8,14,18,24,32,4.9118,0.7302,0.3418,0.0344,0.2416,0.7914,0.6588,0.5566,0.1628,0.0692,0.3095150624540779,0.3877600879514638,0.5702149155033064,0.9579750034547703,0.40718775194429735,0.2606998530492285,0,0,0,0.6096,0,0,,
502110,J.D. Martinez,bos,tor,OF,4,11.1798,14,5600,1.996392857142857,11.1798,4,9,17,21,29,39,14.9501,6,12.2,22.2,28.4,40.605,53.6,9.5512,4,8,14,18,26,34,4.5788,0.6334,0.2798,0.0158,0.3358,0.772,0.9378,0.4578,0.0122,0.0094,0.3069157971366173,0.3762121079758889,0.6269352099005095,1.0031473178763983,0.4219398532366559,0.32001941276389223,0,0,0,1.0562,0,0,,
621366,Ryan Borucki,tor,bos,P,,9.39811,4.05,5500,1.7087472727272728,9.39811,1.4,9.1,17.1125,21.3575,27.7,34.5005,20.9814,9,20,33,40,48,56,10.1006,1,10,19,24,31,37,24.341,3.8542,1.441,0.1182,0.874,3.4854,0,2.161,0,0,,,,,,,5.50113,0.276,0.3524,3.6802,0.0092,0.0084,5.250666681209133,5.062899333409681
643217,Andrew Benintendi,bos,tor,OF,2,9.0562,5,4700,1.9268510638297873,9.0562,3,7,14,17,23,32,11.8285,3,9.2,18.2,21.9,31.2,43.402,7.6092,2,6,12,14,20,28,4.8054,0.7634,0.2572,0.0394,0.1266,0.7028,0.5482,0.4624,0.0944,0.0626,0.27322127561593373,0.34315561659799393,0.4380382224268939,0.7811938390248878,0.33963803221375954,0.16481694681096015,0,0,0,0.8526,0,0,,
456665,Steve Pearce,bos,tor,1B,3,9.547,2,4300,2.220232558139535,9.547,3,8,14,18,25,33.01,12.7189,3.5,9.5,18.7,24.9,34.4,46.603,8.1416,2,6,12,16,22,30,4.6926,0.6774,0.2724,0.0076,0.2114,0.7358,0.7186,0.4906,0.0176,0.0108,0.27815326035221327,0.35362059412692326,0.4975249881009043,0.8511455822278275,0.3659870434300814,0.21937172774869101,0,0,0,0.8056,0,0,,
593428,Xander Bogaerts,bos,tor,SS,5,8.491,4,4200,2.0216666666666665,8.491,3,7,12,16,23,32,11.149,3,9.2,15.7,22,31.2,43.405,7.1496,2,6,10,14,20,28,4.4744,0.684,0.2718,0.026,0.1416,0.5438,0.6316,0.4266,0.0504,0.0354,0.27753347497405995,0.34641516180940457,0.4624734423637531,0.8088886041731577,0.3498077954586089,0.18493996738969315,0,0,0,0.8042,0,0,,
649557,Aledmys Diaz,tor,bos,SS,8,6.7208,11,4000,1.6802,6.7208,2,5,10,14,20,27.01,8.64528,3,6,12.5,18.7,27.9,37.402,5.548,2,4,8,12,18,24,3.8106,0.6252,0.2188,0.0098,0.1332,0.4354,0.4724,0.1556,0.0428,0.0368,0.27004103967168264,0.29984779299847797,0.4445964432284542,0.7444442362269321,0.3195727706922794,0.17455540355677157,0,0,0,0.5586,0,0,,
475253,Justin Smoak,tor,bos,1B,3,8.262,17,3900,2.1184615384615384,8.262,2,6,12,16,23,32,11.0101,3,9,15.9,22.2,31.4,43.9,7.0708,2,6,10,14,20,28,4.3432,0.5296,0.237,0.0052,0.2038,0.5796,0.576,0.5322,0.0066,0.0036,0.2559958016268695,0.3471633818382759,0.4813434794017318,0.8285068612400077,0.3574602597163382,0.22534767777486225,0,0,0,1.0956,0,0,,
545341,Randal Grichuk,tor,bos,OF,4,8.2208,18,3800,2.163368421052632,8.2208,2,6,14,17,23,33,10.8512,3,6.5,18.7,22.2,31.7,44.202,6.9428,2,4,12,14,20,28,4.2506,0.4826,0.2688,0.0268,0.2214,0.5232,0.6648,0.2368,0.0302,0.0186,0.24904080920823157,0.29087658212958173,0.4948427923663361,0.7857193744959179,0.3334603585376182,0.24580198315810453,0,0,0,1.2412,0,0,,
606192,Teoscar Hernandez,tor,bos,OF,6,7.7428,14,3800,2.037578947368421,7.7428,2,5,12,16,23,32,10.1052,3,6.5,15.7,21.7,30.9,43.9,6.4972,2,4,10,14,20,28,4.0334,0.477,0.23,0.0418,0.1794,0.4984,0.5194,0.2584,0.0962,0.0598,0.2458807947019867,0.29419348440521637,0.471523178807947,0.7657166632131633,0.3265214955124708,0.22564238410596027,0,0,0,1.2616,0,0,,
431145,Russell Martin,tor,bos,C,7,6.3096,4,3700,1.705297297297297,6.3096,2,5,9,14,19,27,8.41438,3,6,12.2,18.7,25.7,37.1,5.414,2,4,8,12,16,24,3.9238,0.468,0.1254,0.003,0.1402,0.4404,0.4106,0.5358,0.0158,0.0126,0.21741440377804017,0.32427748611040325,0.3803423848878395,0.7046198709982427,0.31302426219481116,0.16292798110979934,0,0,0,1.0546,0,0,,
434158,Curtis Granderson,tor,bos,OF,1,8.5234,11,3700,2.3036216216216214,8.5234,2,7,14,17,24,34,11.3068,3,9,18.4,22.2,31.4,44.4,7.2852,2,6,12,14,20,28,4.5648,0.4868,0.2288,0.0212,0.2188,0.618,0.5108,0.5454,0.0426,0.0222,0.23774692740209982,0.3288205397826849,0.468527640941434,0.797348180724119,0.3438502015422363,0.2307807135393342,0,0,0,1.2482,0,0,,
598265,Jackie Bradley Jr.,bos,tor,OF,9,6.3704,0,3700,1.7217297297297296,6.3704,2,5,9,13,19,28,8.38468,3,6.2,12.4,16.2,25.6,37.9,5.3884,2,4,8,10,16,24,4.0292,0.5148,0.18,0.0264,0.0938,0.4754,0.414,0.382,0.0468,0.0298,0.22345909190611976,0.2970813064628214,0.36444395700811577,0.6615252634709372,0.2913891095006453,0.140984865101996,0,0,0,1.0026,0,0,,
607680,Kevin Pillar,tor,bos,OF,9,6.2806,10,3600,1.744611111111111,6.2806,0,5,10,13,19,25,8.02776,0,6,12.2,16.03,25.2,34.4,5.1656,0,4,8,10,16,22,3.682,0.5966,0.2428,0.0182,0.0772,0.3998,0.3988,0.169,0.0848,0.0444,0.26609735269000856,0.29978272677892454,0.4115001423284942,0.7112828691074187,0.30714541010320484,0.14540278963848563,0,0,0,0.662,0,0,,
581527,Devon Travis,tor,bos,2B,2,7.77,14,3500,2.22,7.77,3,6,12,15,22,30,9.91522,3,6.5,15.2,19,28.4,40.9,6.3804,2,4,10,12,18,26,4.4558,0.7708,0.2334,0.0306,0.1258,0.5556,0.467,0.1898,0.0726,0.0388,0.27205813408345053,0.30306566722025224,0.4295827473042663,0.7326484145245186,0.3154334126307285,0.1575246132208158,0,0,0,0.8532,0,0,,
456488,Eduardo Nunez,bos,tor,2B,6,7.9862,20,3400,2.3488823529411764,7.9862,3,7,12,15,22,30,10.23,3,9,15.2,19,28.7,40.702,6.5644,2,6,10,12,18,26,4.3668,0.7972,0.26,0.018,0.101,0.4816,0.5742,0.198,0.1266,0.0642,0.28214354250623686,0.3146926811395072,0.42582997505277315,0.7405226561922804,0.319939772831364,0.1436864325465363,0,0,0,0.5474,0,0,,
500208,Yangervis Solarte,tor,bos,2B,5,7.1636,3,3300,2.1707878787878787,7.1636,2,5,10,14,21,30,9.35836,3,6.2,13,18.9,28.2,40.4,5.9964,2,4,8,12,18,26,4.1398,0.6226,0.211,0.012,0.1488,0.4978,0.5284,0.2722,0.012,0.0106,0.2571103526734926,0.30595680950770565,0.4332919640086875,0.7392487735163932,0.31918450166674717,0.17618161133519494,0,0,0,0.6494,0,0,,
571788,Brock Holt,bos,tor,2B,7,6.2774,5,3200,1.9616874999999998,6.2774,2,5,9,12,17,24,8.14742,3,6.2,12.2,15.5,22.2,31.9,5.2428,2,4,8,10,14,20,4.2458,0.672,0.2028,0.0166,0.0342,0.4146,0.4006,0.4256,0.0582,0.033,0.24229097952986756,0.318243911630317,0.33092508245641594,0.6491689940867329,0.29061439540251544,0.08863410292654839,0,0,0,0.7422,0,0,,
506702,Sandy Leon,bos,tor,C,8,6.4364,0,2800,2.2987142857142855,6.4364,2,5,9,13,19,27,8.4345,3,6.2,12.2,16.5,25.7,37.4,5.4004,2,4,8,10,16,24,4.1418,0.6056,0.1888,0.0062,0.104,0.453,0.4866,0.3004,0.0212,0.014,0.23548706200864267,0.29093630788546043,0.3690841880564377,0.6600204959418982,0.2891446231107248,0.13359712604779506,0,0,0,0.9124,0,0,,
605480,Mallex Smith,tba,bal,OF,1,9.2102,11,4700,1.959617021276596,9.2102,3,8,13,17,22,29,11.6871,3.5,9.5,16,21.4,28.2,37.6,7.5752,2,6,10,14,18,24,4.6896,0.878,0.2112,0.0952,0.0464,0.6092,0.405,0.4766,0.2626,0.1288,0.2921433657726086,0.3640822244967587,0.42050795157844767,0.7845901760752063,0.3433175963834868,0.1283645858058391,0,0,0,0.8058,0,0,,
641343,Jake Bauers,tba,bal,1B,3,9.0646,,4400,2.0601363636363637,9.0646,3,7,14,17,24,33,12.1246,3.2,9.2,18.4,22.4,31.9,45.103,7.7892,2,6,12,14,20,28,4.4648,0.5704,0.2386,0.0234,0.1608,0.6332,0.6284,0.676,0.098,0.0634,0.2621410472972973,0.3738577315893209,0.46479096283783783,0.8386486944271587,0.36521622469091564,0.20264991554054052,0,0,0,0.9166,0,0,,
621056,Hunter Wood,tba,bal,P,,20.0579,-3.1,4300,4.664627906976745,20.0579,11.7,20.65,28.7,32.7575,39,46.151,36.2532,23,37,50,56,64,71,21.4626,12,22,31,36,42,49,24.6608,3.2472,0.9228,0.088,0.9038,2.6974,0,2.2458,0,0,,,,,,,5.90567,0.4264,0.4516,7.2044,0.0122,0.012,3.780333137476357,3.8475228365282863
543068,C.J. Cron,tba,bal,1B,4,8.8924,0,4200,2.117238095238095,8.8924,3,7,14,18,24,35,11.939,3,9.2,18.7,24.7,32.2,47.9,7.6252,2,6,12,16,20,30,4.3626,0.5704,0.2234,0.0114,0.2142,0.6288,0.7508,0.4804,0.0222,0.0148,0.2625830714543301,0.3437858157979187,0.4915254237288136,0.8353112395267324,0.35913510292027695,0.2289423522744835,0,0,0,1,0,0,,
605276,David Hess,bal,tba,P,,9.82619,7.5,4100,2.396631707317073,9.82619,2,9.7,17.7,21.45,28.1525,34.35,21.6406,10,21,34,40,49,56.01,10.3662,2,10,19,24,31,38,24.0002,3.8988,1.1884,0.1798,0.8332,3.4744,0,2.4974,0,0,,,,,,,5.36607,0.2586,0.311,4.1256,0.0116,0.0066,5.383828388373614,5.034090682752927
595281,Kevin Kiermaier,tba,bal,OF,6,8.3688,0,4000,2.0922,8.3688,3,7,12,16,22,32,11.0265,3,9.2,15.9,21.7,28.7,43.603,7.076,2,6,10,14,18,28,4.1502,0.633,0.1722,0.0576,0.1344,0.556,0.6026,0.4844,0.1036,0.0632,0.2720279338752796,0.35699484362199413,0.46041791696219114,0.8174127605841852,0.35444899041010075,0.18838998308691152,0,0,0,0.8078,0,0,,
622110,Matt Duffy,tba,bal,3B,2,8.256,12,4000,2.064,8.256,3,7,12,15,21,28,10.5732,3.2,9.2,15.2,18.7,27.9,37.6,6.7984,2,6,10,12,18,24,4.5792,0.984,0.2128,0.0188,0.068,0.613,0.506,0.3678,0.0872,0.0532,0.30479175571069,0.360630677847659,0.41268936695635655,0.7733200448040156,0.33925467330538084,0.10789761124566655,0,0,0,0.6142,0,0,,
444432,Mark Trumbo,bal,tba,OF,4,7.6622,3,3700,2.070864864864865,7.6622,2,5,12,16,23,33,10.0951,3,6.2,15.7,21.9,31.4,44.4,6.4596,2,4,10,14,20,28,4.363,0.5934,0.1594,0.0064,0.2138,0.4964,0.6128,0.3152,0.0094,0.0056,0.2403774890063738,0.2952555581022232,0.44137556203369727,0.7366311201359205,0.31733174421269766,0.20099807302732348,0,0,0,1.206,0,0,,
596847,Ji-Man Choi,tba,bal,1B,5,8.302,16,3700,2.2437837837837837,8.302,3,7,12,16,23,32,11.1541,3,9.2,15.7,21.7,31.2,43.9,7.1576,2,6,10,14,20,28,4.2548,0.5568,0.1998,0.0136,0.1626,0.5924,0.5984,0.6696,0.0354,0.0242,0.26018074305478067,0.37660994641346235,0.45955595224813106,0.8361658986615934,0.3652216790448434,0.1993752091933504,0,0,0,1.0126,0,0,,
642715,Willy Adames,tba,bal,2B,7,7.1764,10,3700,1.9395675675675677,7.1764,2,5,10,14,20,28,9.40722,3,6.5,12.7,18.7,27.9,37.9,6.0316,2,4,8,12,18,24,4.0378,0.6654,0.1584,0.027,0.1032,0.4986,0.5202,0.3998,0.0606,0.0326,0.26223199560197913,0.33528158898410027,0.40571742715777903,0.7409990161418794,0.32492807964733267,0.1434854315557999,0,0,0,1.0146,0,0,,
542340,Jonathan Villar,bal,tba,2B,3,7.9162,2,3500,2.2617714285714285,7.9162,2,6,12,16,23,30,10.1468,3,6.5,15.2,19.5,29.2,40.9,6.5504,2,4,10,12,18,26,4.4652,0.7104,0.1756,0.0216,0.125,0.4732,0.4532,0.3492,0.1866,0.0738,0.2508746355685131,0.30945982262832566,0.3951409135082604,0.704600736136586,0.30774016841350893,0.14426627793974733,0,0,0,1.3654,0,0,,
600524,Renato Nunez,bal,tba,3B,6,6.934,14,3500,1.981142857142857,6.934,2,5,10,15,21,30,9.07482,3,6,12.7,19.5,28.4,40.9,5.8244,2,4,8,12,18,26,4.1502,0.5344,0.1764,0.011,0.1806,0.4426,0.4994,0.2964,0.0156,0.0132,0.23415849291608284,0.28885354922654327,0.42622865742903115,0.7150822066555744,0.3085298539829406,0.1920701645129483,0,0,0,1.2492,0,0,,
641820,Trey Mancini,bal,tba,1B,5,7.2338,5,3400,2.1275882352941173,7.2338,2,5,10,16,22,31,9.44006,3,6.2,12.7,21.2,28.7,41.9,6.058,2,4,8,14,18,26,4.26,0.63,0.1666,0.0184,0.1646,0.4718,0.5174,0.3366,0.0132,0.01,0.24968139878676657,0.3089671361502347,0.4273844114798389,0.7363515476300736,0.31904436619718307,0.17770301269307234,0,0,0,1.1612,0,0,,
542921,Tim Beckham,bal,tba,3B,2,7.4202,5,3300,2.2485454545454546,7.4202,2,5,11,15,22,30,9.58374,3,6.2,15,19.2,28.4,40.9,6.1688,2,4,10,12,18,26,4.574,0.6776,0.1686,0.0314,0.1428,0.5052,0.459,0.3264,0.0568,0.0342,0.24022977681514265,0.29444687363358113,0.3955645541011395,0.6900114277347207,0.3000881066899869,0.15533477728599684,0,0,0,1.3626,0,0,,
572073,Joey Rickard,bal,tba,OF,8,5.7608,17,3200,1.8002499999999997,5.7608,2,4,8,12,18,25,7.4574,3,6,9.7,15.2,24.7,34.101,4.8104,2,4,6,10,16,22,3.9158,0.5422,0.1644,0.0104,0.0858,0.345,0.3456,0.3664,0.0514,0.0292,0.22617907251929903,0.29858521885693856,0.3508762044289176,0.6494614232858562,0.2876347617345115,0.12469713190961856,0,0,0,0.9852,0,0,,
448801,Chris Davis,bal,tba,1B,7,6.5276,5,3000,2.1758666666666664,6.5276,2,4,10,16,21,30,8.7332,3,6,12.5,21.43,28.2,40.9,5.6124,2,4,8,14,18,26,4.0396,0.369,0.124,0.0038,0.2042,0.43,0.4572,0.4614,0.0062,0.0034,0.1959085573752166,0.2877512625012378,0.4038902241350399,0.6916414866362777,0.30197940390137634,0.2079816667598233,0,0,0,1.5056,0,0,,
607054,Jace Peterson,bal,tba,3B,1,6.9346,0,3000,2.311533333333333,6.9346,2,5,10,14,19,27,9.07094,3,6.2,12.5,18.2,25.4,36.902,5.8816,2,4,8,12,16,24,4.6878,0.5628,0.184,0.0242,0.0748,0.4722,0.3082,0.6414,0.1082,0.0604,0.20902530644523523,0.31724902939545196,0.32191577698695134,0.6391648063824034,0.28964678527240917,0.11289047054171611,0,0,0,1.2196,0,0,,
664040,Brandon Lowe,tba,bal,OF,8,8.2086,0,2900,2.830551724137931,8.2086,2,6,12,17,23,33,10.9462,3,6.5,16,22.2,31.7,44.4,7.0128,2,4,10,14,20,28,3.9204,0.5282,0.184,0.0176,0.1938,0.5422,0.6372,0.4812,0.0608,0.0366,0.26855082577343564,0.3583307825732068,0.5013375203535706,0.8596683029267773,0.36965110702989495,0.23278669458013496,0,0,0,0.9256,0,0,,
642851,Austin Wynns,bal,tba,C,9,5.185,5,2800,1.8517857142857144,5.185,0,3,7,11,18,25.01,6.75616,0,3,9.2,13,24.7,34.403,4.344,0,2,6,8,16,22,3.8106,0.4902,0.1154,0.0038,0.1064,0.3548,0.3384,0.2908,0.015,0.0076,0.2033638274901983,0.2641578754001994,0.32899596567986816,0.5931538410800676,0.2621196137091272,0.12563213818966987,0,0,0,1.137,0,0,,
491696,Jesus Sucre,tba,bal,C,9,5.7626,4,2600,2.2163846153846154,5.7626,2,5,8,11,17,24.01,7.44034,3,6,10,15.2,22.2,33.9,4.7652,2,4,6,10,14,22,3.8084,0.6706,0.1508,0.0048,0.062,0.4002,0.425,0.238,0.0424,0.0228,0.24876764508178353,0.29571473584707486,0.3457875868250056,0.6415023226720804,0.28265696880579766,0.09701994174322207,0,0,0,0.5206,0,0,,
434378,Justin Verlander,hou,sea,P,,24.839,-7.7,12400,2.0031451612903224,24.839,15.6,25.2,34.25,39.05,45.9,51.65,43.331,30,46,58,63,70,76,26.6278,17,28,37,42,47,52,28.493,3.7696,1.0974,0.1312,0.9688,2.748,0,1.6324,0,0,,,,,,,7.14947,0.435,0.6786,8.0508,0.1404,0.0722,3.186613832913489,3.351420005958483
572020,James Paxton,sea,hou,P,,19.9633,11.7,10600,1.8833301886792453,19.9633,11.2,20.475,28.5,33.0575,40.35,47.9035,36.6692,23,39,51,56,65,73,21.3588,12,22,31,36,43,50,26.769,3.735,1.3702,0.108,0.8554,2.9706,0,1.928,0,0,,,,,,,6.43087,0.3402,0.5706,7.0934,0.061,0.0294,3.8379877061735037,3.57955557957166
608324,Alex Bregman,hou,sea,3B,1,8.767,3,4500,1.9482222222222223,8.767,3,7,13,17,24,33,11.4439,3,9.2,16.125,21.7,31.4,43.9,7.3888,2,6,10,14,20,28,4.491,0.6116,0.2896,0.0264,0.1656,0.599,0.4818,0.4952,0.093,0.0542,0.27358726662996147,0.35368514807392565,0.4836077881775865,0.8372929362515121,0.3608404364284124,0.21002052154762502,0,0,0,0.8524,0,0,,
443558,Nelson Cruz,sea,hou,OF,4,7.8086,5,4100,1.9045365853658538,7.8086,2,5,14,17,23.05,34,10.3256,3,6.2,18.5,22.2,31.7,46.902,6.6136,2,4,12,14,20,30,4.2654,0.5086,0.1436,0.0066,0.2598,0.4988,0.6108,0.3224,0.01,0.0062,0.2329698199340604,0.2909457495193886,0.47040324625919355,0.7613489957785822,0.3256978009096451,0.23743342632513315,0,0,0,1.2664,0,0,,
594828,Evan Gattis,hou,sea,C,4,7.747,0,4100,1.8895121951219511,7.747,2,5,12,16,23,32,10.2591,3,6.2,15.7,22.2,31.2,44.103,6.5672,2,4,10,14,20,28,4.1914,0.5318,0.1982,0.011,0.2076,0.5076,0.6136,0.3456,0.0126,0.0082,0.2466586925997192,0.30877511094145155,0.46585885901502944,0.774633969956481,0.3326698955003102,0.21920016641531023,0,0,0,1.021,0,0,,
452655,Denard Span,sea,hou,OF,2,6.8906,33,3900,1.766820512820513,6.8906,2,5,10,14,21,28,8.85246,3,6.2,12.5,18.4,27.7,37.4,5.7164,2,4,8,12,18,24,4.4694,0.6134,0.1878,0.0354,0.1012,0.4438,0.3782,0.3366,0.0998,0.0512,0.22691637630662015,0.28513894482480867,0.36295005807200925,0.6480890028968179,0.28384597485121044,0.1360336817653891,0,0,0,0.9734,0,0,,
643603,Tyler White,hou,sea,1B,5,7.003,25,3800,1.8428947368421054,7.003,2,5,10,14,21,29.01,9.24108,3,6.2,12.7,18.7,28.2,40.4,5.9376,2,4,8,12,18,26,4.0854,0.5272,0.187,0.0058,0.1568,0.4494,0.4896,0.432,0.026,0.0136,0.23999562051787376,0.32036030743623634,0.42311271692122404,0.7434730243574603,0.32409012581387386,0.18311709640335028,0,0,0,1.1336,0,0,,
516416,Jean Segura,sea,hou,SS,3,6.8976,26,3700,1.8642162162162161,6.8976,2,5,10,14,19,28,8.6692,3,6.2,12.5,18.2,25.2,37.4,5.5924,2,4,8,12,16,24,4.369,0.7698,0.1922,0.0274,0.0848,0.405,0.3992,0.1788,0.1188,0.0578,0.25636007827788654,0.2867933165484093,0.37602023769748466,0.6628135542458939,0.28769260700389104,0.11966015941959812,0,0,0,0.8606,0,0,,
571745,Mitch Haniger,sea,hou,OF,1,7.0302,31,3700,1.900054054054054,7.0302,2,5,10,15,21,30,9.1295,3,6.2,12.7,18.7,28.2,40.4,5.888,2,4,8,12,18,26,4.5692,0.5546,0.1806,0.019,0.1592,0.465,0.409,0.3592,0.0506,0.038,0.21695961995249405,0.2785170270506872,0.3823277909738717,0.660844818024559,0.28796572704193296,0.16536817102137766,0,0,0,1.478,0,0,,
503556,Marwin Gonzalez,hou,sea,OF,2,7.1404,11,3600,1.9834444444444443,7.1404,2,5,10,14,21,28,9.27776,3,6.2,12.7,18.7,27.9,37.9,5.974,2,4,8,12,18,24,4.3924,0.6206,0.2136,0.0212,0.1206,0.5068,0.4308,0.3584,0.0486,0.0322,0.24194348041646008,0.3037974683544304,0.3950917203767972,0.6988891887312276,0.3049116200710318,0.1531482399603371,0,0,0,1.285,0,0,,
545350,Jake Marisnick,hou,sea,OF,8,5.778,9,3600,1.605,5.778,0,3,9,14,19,28,7.51248,0,3,12.2,18.7,25.7,37.4,4.8352,0,2,8,12,16,24,3.7238,0.4146,0.1476,0.0174,0.1272,0.3654,0.3732,0.2254,0.0914,0.042,0.202035216098788,0.25033567860787365,0.36325177223873767,0.6135874508466113,0.2662303560878672,0.16121655613994967,0,0,0,1.5504,0,0,,
643393,Tony Kemp,hou,sea,OF,9,5.3612,19,3500,1.5317714285714286,5.3612,0,4,8,11,16,22,6.76986,0,6,9.5,12.7,21.4,28.403,4.3812,0,4,6,8,14,18,3.6026,0.6188,0.1088,0.0394,0.0294,0.3598,0.2522,0.2768,0.1148,0.058,0.2394611822719346,0.29789596402598123,0.3223885982320044,0.6202845622579856,0.27575301171376226,0.08292741596006978,0,0,0,0.7008,0,0,,
543829,Dee Gordon,sea,hou,2B,9,5.6606,4,3400,1.6648823529411763,5.6606,0,5,8,12,17,24,6.9143,0,6,10,15,21.5,30.702,4.486,0,4,6,10,14,20,3.6746,0.7082,0.1112,0.0512,0.0206,0.305,0.2486,0.0996,0.2116,0.0752,0.2492867132867133,0.26963479018124425,0.32632167832167835,0.5959564685029226,0.259546889457356,0.07703496503496504,0,0,0,0.695,0,0,,
605204,J.D. Davis,hou,sea,1B,6,6.5376,0,3400,1.9228235294117648,6.5376,2,5,10,14,20,28,8.45192,3,6,12.2,18.7,27.7,37.4,5.4268,2,4,8,12,18,24,3.9766,0.5914,0.2048,0.0112,0.1354,0.3836,0.47,0.2408,0.0214,0.015,0.25236897050163287,0.2976412010260021,0.4219176615450506,0.7195588625710527,0.31080254488759246,0.16954869104341774,0,0,0,1.1776,0,0,,
493329,Yuli Gurriel,hou,sea,1B,3,7.0892,0,3400,2.085058823529412,7.0892,3,5,10,14,19,28,9.07268,3,6.2,12.7,18.5,25.5,37.6,5.8208,2,4,8,12,16,24,4.2894,0.7562,0.2884,0.006,0.0946,0.4534,0.5016,0.1808,0.0226,0.0152,0.27873241493452755,0.3091341446356134,0.4209219685537653,0.7300561131893787,0.31534018743880265,0.14218955361923774,0,0,0,0.5818,0,0,,
572122,Kyle Seager,sea,hou,3B,5,6.8818,8,3300,2.0853939393939394,6.8818,0,5,10,14,21,32,9.03002,0,6,12.7,18.9,28.4,43.6,5.796,0,4,8,12,18,28,4.1566,0.472,0.209,0.0096,0.1848,0.4386,0.4966,0.2728,0.016,0.0106,0.22539780627220762,0.27623538468940956,0.4269014882331737,0.7031368729225833,0.30225535293268535,0.20150368196096607,0,0,0,1.0654,0,0,,
592387,Ryon Healy,sea,hou,1B,7,6.0364,0,3200,1.8863750000000001,6.0364,0,3,9,14,21,30,7.76208,0,3,12,18.7,27.9,40.9,4.9836,0,2,8,12,18,26,3.9252,0.535,0.1546,0.0052,0.173,0.3764,0.4228,0.1272,0.0068,0.0052,0.22848867825171143,0.25349026801182106,0.40858346498156933,0.6620737329933903,0.283427494140426,0.1800947867298579,0,0,0,1.1568,0,0,,
572287,Mike Zunino,sea,hou,C,6,5.8394,0,3000,1.9464666666666668,5.8394,0,3,9,14,19,28,7.70164,0,3,12.05,18.7,25.7,37.9,4.9448,0,2,8,12,16,24,4.047,0.3686,0.13,0.0032,0.1908,0.3842,0.4152,0.2556,0.008,0.0052,0.18267658384765523,0.23429701013096121,0.3696259956744211,0.6039230058053824,0.2611687669878923,0.1869494118267659,0,0,0,1.7922,0,0,,
457727,Cameron Maybin,sea,hou,OF,8,5.0072,10,2800,1.7882857142857143,5.0072,0,3,7.25,10,17,23,6.36728,0,3,9.2,12.7,21.7,30.9,4.1296,0,2,6,8,14,20,3.798,0.495,0.1304,0.012,0.058,0.2924,0.2288,0.2954,0.1122,0.062,0.19853822874436133,0.26087414428646655,0.2922971506880603,0.5531712949745269,0.24730021063717744,0.09375892194369895,0,0,0,1.154,0,0,,
455117,Martin Maldonado,hou,sea,C,7,5.2246,5,2700,1.9350370370370369,5.2246,0,3,7,11,18,24,6.8129,0,3.2,9.5,13.2,24.7,32.2,4.3764,0,2,6,8,16,20,3.8536,0.4596,0.1732,0.008,0.0898,0.346,0.3582,0.2552,0.0198,0.0056,0.20303468208092484,0.255812746522732,0.3304802134281903,0.5862929599509223,0.2575165559476853,0.12744553134726544,0,0,0,1.2168,0,0,,
548389,Ross Stripling,lan,col,P,,15.1925,11.9,7200,2.1100694444444446,15.1925,6.6,15.25,24.05,28.15,34.3,41.1505,29.0316,16,29,43,49,58,66,16.33,7,16,26,31,38,45,24.1386,3.7806,1.2976,0.1966,1.1952,3.4358,0,1.202,0,0,,,,,,,5.6524,0.3732,0.3768,5.9432,0.0084,0.0048,5.042955204868728,4.440914797254264
542881,Tyler Anderson,col,lan,P,,10.9262,20.5,5900,1.8518983050847455,10.9262,2.85,10.7,18.95,23,29.4,36.35,22.7754,10,22,35,42,51,59,11.737,3,12,21,25,33,40,23.577,3.2586,1.252,0.1176,1.237,3.5438,0,2.106,0,0,,,,,,,5.363,0.2778,0.3144,4.5274,0.0048,0.004,5.493305985455901,5.645196904717508
572821,Brian Dozier,lan,col,2B,1,10.7896,16,5500,1.9617454545454547,10.7896,4,9,16,20,28,37.01,14.2579,6,12.2,21.7,27.7,37.6,50.6,9.1796,4,8,14,18,24,32,4.9404,0.6274,0.2618,0.0266,0.2896,0.8414,0.6404,0.542,0.0884,0.0422,0.2740542015278283,0.35369605699943324,0.5431975263732265,0.8968935833726597,0.3815710873613472,0.2691433248453982,0,0,0,0.9686,0,0,,
453568,Charlie Blackmon,col,lan,OF,1,10.8704,0,5400,2.013037037037037,10.8704,3,9,16,20,28,37.01,14.0466,3.2,12,21.7,27.4,37.4,50.4,9.0544,2,8,14,18,24,32,4.6396,0.7926,0.2148,0.0758,0.2846,0.7788,0.6184,0.3664,0.0878,0.0484,0.32008799026490686,0.37378222260539706,0.6056351212206309,0.979417343826028,0.4134920682817485,0.28554713095572404,0,0,0,0.8974,0,0,,
571448,Nolan Arenado,col,lan,3B,4,10.4,15,5400,1.9259259259259258,10.4,3,8,16,20,28,37,13.8579,3.2,9.5,21.7,27.9,37.6,50.402,8.854,2,6,14,18,24,32,4.326,0.6356,0.2588,0.0196,0.2964,0.7438,0.8562,0.3902,0.0196,0.016,0.3075359520300828,0.36999537679149336,0.6091772955942883,0.9791726723857817,0.41303370319001387,0.3016413435642055,0,0,0,0.8076,0,0,,
592518,Manny Machado,lan,col,SS,2,11.027,6,5400,2.042037037037037,11.027,4,9,16,21,29,39,14.4962,6,12,21.7,27.9,38.2,53.1,9.3108,4,8,14,18,24,34,4.831,0.788,0.278,0.0186,0.2838,0.854,0.7184,0.4572,0.0454,0.0328,0.31286295669669395,0.377892775822811,0.5795875440120719,0.9574803198348829,0.4064926930242186,0.26672458731537796,0,0,0,0.6406,0,0,,
621311,David Dahl,col,lan,OF,6,8.989,7,5300,1.6960377358490566,8.989,3,7,14,18,25,33,11.6402,3,9.2,18.7,24.6,32.2,44.4,7.4616,2,6,12,16,20,28,4.115,0.6562,0.2238,0.0754,0.2066,0.5648,0.6696,0.1732,0.0834,0.045,0.2947891826069308,0.3244714459295261,0.5470597189101426,0.8715311648396686,0.3686165735115431,0.2522705363032118,0,0,0,1.024,0,0,,
471865,Carlos Gonzalez,col,lan,OF,3,9.6656,7,5200,1.8587692307692307,9.6656,3,7,14,19,26,35.01,12.7141,3,9.2,18.7,25.2,34.4,47.9,8.142,2,6,12,16,22,30,4.4246,0.6954,0.2856,0.0228,0.2352,0.721,0.7138,0.3072,0.0266,0.021,0.30091805508330505,0.349455317994847,0.5527274493612474,0.9021827673560945,0.38330461510645036,0.25180939427794236,0,0,0,0.9432,0,0,,
518735,Yasmani Grandal,lan,col,C,7,9.0518,2,5200,1.7407307692307692,9.0518,2,7,14,18,25.05,35,12.0905,3,9.2,18.7,24.9,34.7,47.702,7.748,2,6,12,16,22,30,4.283,0.55,0.194,0.0072,0.264,0.6208,0.6886,0.5142,0.0174,0.0122,0.2693695606028444,0.35708615456455756,0.534812141795797,0.8918982963603546,0.3806388512724726,0.26544258119295255,0,0,0,0.969,0,0,,
596115,Trevor Story,col,lan,SS,5,9.7586,5,5100,1.9134509803921569,9.7586,3,7,15,19,26,36,12.8505,3,9.2,19.2,25.2,35.2,49.9,8.2228,2,6,12,16,22,32,4.228,0.5988,0.2842,0.0418,0.2526,0.6434,0.7752,0.2618,0.064,0.042,0.29685845393575716,0.34039735099337753,0.5806565478291564,0.921053898822534,0.38871073793755917,0.2837980938933993,0,0,0,1.1826,0,0,,
641355,Cody Bellinger,lan,col,1B,5,9.1268,24,4900,1.862612244897959,9.1268,2,7,14,19,25,35.01,12.1528,3,9.2,18.7,25.2,34.7,47.917,7.7844,2,6,12,16,22,30.02,4.5076,0.551,0.1998,0.0414,0.2334,0.6264,0.7018,0.4716,0.042,0.0296,0.25411298315163533,0.3321501464193806,0.49762140733399407,0.8297715537533747,0.35512467832105776,0.24350842418235874,0,0,0,1.1608,0,0,,
457759,Justin Turner,lan,col,3B,3,10.2282,6,4700,2.1762127659574464,10.2282,4,8,15,19,26,36,13.5508,6,9.5,19.2,25.2,34.9,49.902,8.694,4,6,12,16,22,32,4.723,0.7444,0.2886,0.01,0.2254,0.7402,0.7236,0.5692,0.0304,0.0186,0.3053589484327604,0.38907474063095493,0.5424430641821947,0.9315178048131496,0.39871327546051244,0.23708411574943428,0,0,0,0.6258,0,0,,
621035,Chris Taylor,lan,col,OF,8,8.2586,16,4700,1.7571489361702128,8.2586,2,7,12,16,23,32,10.7638,3,9,15.7,21.7,31.1,43.4,6.9276,2,6,10,14,20,28,4.169,0.6048,0.2618,0.0588,0.1308,0.504,0.5432,0.4182,0.0852,0.0522,0.2815932601045111,0.3536579515471337,0.48736269595819576,0.8410206475053295,0.36149551451187334,0.20576943585368468,0,0,0,1.0634,0,0,,
571771,Kike Hernandez,lan,col,OF,6,8.8836,12,4300,2.065953488372093,8.8836,2,7,14,18,25,34,11.8487,3,9.2,18.7,24.9,34.4,47.4,7.5852,2,6,12,16,22,30,4.4004,0.5272,0.2198,0.0278,0.2364,0.635,0.6878,0.428,0.023,0.0154,0.25455643943208134,0.32706117625670394,0.5024166750578994,0.8294778513146034,0.3543671938914644,0.2478602356258181,0,0,0,0.8496,0,0,,
461314,Matt Kemp,lan,col,OF,4,10.144,7,4200,2.415238095238095,10.144,3,8,16,19,27,38,13.4502,3,9.5,21.6,25.7,37.4,53.1,8.588,2,6,14,16,24,34,4.6192,0.7288,0.26,0.0102,0.2678,0.7132,0.8512,0.3566,0.0112,0.0094,0.29718950875052785,0.35144613785936957,0.5514474733730587,0.9028936112324282,0.3840409594735019,0.2542579646225308,0,0,0,0.946,0,0,,
518934,DJ LeMahieu,col,lan,2B,2,8.2704,0,4200,1.969142857142857,8.2704,3,7,12,15,21,29,10.5313,3,9.2,15.4,19,27.9,37.901,6.7856,2,6,10,12,18,24,4.5314,0.9334,0.2558,0.0266,0.087,0.666,0.4394,0.2778,0.0684,0.035,0.3062817378220801,0.3488105221344397,0.4402858754936996,0.7890963976281393,0.3424470583042768,0.13400413767161945,0,0,0,0.6466,0,0,,
435622,Ian Desmond,col,lan,1B,7,7.6828,7,4000,1.9207,7.6828,2,5,12,16,22,31,9.97234,3,6.5,15.4,21.7,29.2,41.202,6.4032,2,4,10,14,18,26,4.005,0.6386,0.1542,0.0236,0.1674,0.4862,0.5406,0.2778,0.1048,0.0534,0.2639514917364241,0.31500624219725337,0.4527259068469629,0.7677321490442163,0.33074451935081145,0.18877441511053877,0,0,0,1.0554,0,0,,
455104,Chris Iannetta,col,lan,C,8,6.998,24,3100,2.2574193548387096,6.998,2,5,10,15,21,28.01,9.31368,3,6.2,13,19.2,28.4,38.601,5.9768,2,4,8,12,18,24,3.879,0.4612,0.1892,0.0028,0.1776,0.4794,0.5052,0.4254,0.01,0.0058,0.24056057447301368,0.32384635215261665,0.45123928654157985,0.7750856386941964,0.3356079917504512,0.21067871206856617,0,0,0,1.0802,0,0,,
605498,Andrew Suarez,sfn,pit,P,,15.9876,9.05,5100,3.1348235294117646,15.9876,8.15,16.2,23.95,27.6,33.5,40.25,30.5878,18,32,43,48,55,62,17.5046,9,18,27,31,37,42,25.8446,4.3284,1.1806,0.1854,0.451,2.5518,0,1.55,0,0,,,,,,,6.2556,0.3864,0.5428,4.7992,0.0202,0.018,3.388739689238442,3.3032050003197138
467100,Ivan Nova,pit,sfn,P,,14.2827,16.5,4900,2.9148367346938775,14.2827,6.4,14.45,22.3,25.9575,32.0525,39.452,28.386,16,30,41,46,52,60,15.5728,7,16,25,29,35,41,26.925,4.5454,1.5226,0.197,0.513,2.9042,0,1.4822,0,0,,,,,,,6.4482,0.3602,0.5772,4.1976,0.0644,0.0312,3.7319251884246767,3.57888517725877
570256,Gregory Polanco,pit,sfn,OF,3,7.1064,9,4500,1.5792,7.1064,2,5,10,14,21,28,9.21556,3,6.2,12.7,18.7,27.9,37.9,5.9308,2,4,8,12,18,24,4.477,0.617,0.2178,0.039,0.099,0.4618,0.454,0.3544,0.0648,0.0394,0.23596759326638528,0.2964485146303328,0.3797603454130888,0.6762088600434215,0.2954507035961581,0.1437927521467035,0,0,0,0.9772,0,0,,
516782,Starling Marte,pit,sfn,OF,2,8.8282,10,4300,2.0530697674418605,8.8282,3,7,13,17,23,31,11.1341,3,9.2,15.7,21.7,30.2,40.6,7.2,2,6,10,14,20,26,4.5818,0.8736,0.2108,0.0508,0.1114,0.5722,0.4394,0.2564,0.2194,0.112,0.2882045591159199,0.3280370160199048,0.4376936237111019,0.7657306397310066,0.33092387271378054,0.14948906459518196,0,0,0,0.7954,0,0,,
457705,Andrew McCutchen,sfn,pit,OF,1,7.8546,0,4100,1.9157560975609755,7.8546,3,6,12,15,21,29.01,10.1025,3,9,15.2,18.9,27.9,38.4,6.5268,2,6,10,12,18,24,4.5236,0.7346,0.248,0.0246,0.122,0.5658,0.3982,0.403,0.052,0.0274,0.27403776149104503,0.3387125298434875,0.4349851963306315,0.7736977261741189,0.33635648598461404,0.16094743483958646,0,0,0,0.7764,0,0,,
501896,David Freese,pit,sfn,1B,4,7.1368,23,4100,1.7406829268292683,7.1368,3,5,10,13,20,27,9.2295,3,6.5,12.55,18.2,25.7,37.103,5.9232,2,4,8,12,16,24,4.367,0.7948,0.1964,0.0132,0.0914,0.45,0.5094,0.383,0.0132,0.0084,0.2750502008032128,0.33863063888252803,0.3997991967871486,0.7384298356696766,0.32421836501030454,0.1247489959839358,0,0,0,0.884,0,0,,
446334,Evan Longoria,sfn,pit,3B,3,7.4074,4,4000,1.85185,7.4074,3,5,10.25,14,21,29,9.54906,3,6.5,12.925,18.7,28.4,38.2,6.124,2,4,8,12,18,24,4.331,0.717,0.2674,0.0244,0.1164,0.5098,0.5222,0.2046,0.0174,0.0118,0.2726832105467235,0.30704225352112674,0.43393757270259786,0.7409798262237246,0.3190608173631956,0.16125436215587435,0,0,0,0.61,0,0,,
457763,Buster Posey,sfn,pit,C,2,7.4982,0,4000,1.87455,7.4982,3,6,10,14,19,27,9.5163,3,9,12.7,18.2,25.2,35.4,6.1416,2,6,8,12,16,22,4.4274,0.8884,0.279,0.0072,0.0726,0.546,0.3894,0.3178,0.0296,0.0228,0.3034845240412693,0.35348059809368937,0.4278761923301539,0.7813567904238432,0.34075281203415103,0.1243916682888846,0,0,0,0.4366,0,0,,
605137,Josh Bell,pit,sfn,1B,6,6.6466,18,3900,1.7042564102564104,6.6466,2,5,10,13,19,26,8.5941,3,6.2,12.4,16.2,25.2,35.202,5.53,2,4,8,10,16,22,4.1632,0.6466,0.2104,0.038,0.0784,0.403,0.437,0.3764,0.0268,0.0208,0.2570508080701384,0.32422175249807844,0.39479243688602517,0.7190141893841036,0.31492861260568794,0.13774162881588675,0,0,0,0.7194,0,0,,
624428,Adam Frazier,pit,sfn,2B,1,6.9166,15,3900,1.7734871794871794,6.9166,3,5,10,13,18,25,8.63234,3,6.2,12.4,15.7,24.405,33.9,5.594,2,4,8,10,16,22,4.6916,0.872,0.1844,0.0486,0.0398,0.4702,0.2946,0.3076,0.0894,0.062,0.2611313868613139,0.3095745587859152,0.3526003649635036,0.6621749237494188,0.29151023105124046,0.09146897810218974,0,0,0,0.7152,0,0,,
543063,Brandon Crawford,sfn,pit,SS,4,7.2284,7,3800,1.9022105263157894,7.2284,2,6,10,14,20,27,9.37098,3,6.5,12.7,18.7,25.7,36.905,6.0156,2,4,8,12,16,24,4.2192,0.6872,0.2574,0.0344,0.0852,0.4784,0.5038,0.3216,0.029,0.0216,0.2730398193760263,0.3284508911642018,0.4223111658456486,0.7507620570098503,0.32611741562381497,0.1492713464696223,0,0,0,0.6366,0,0,,
543281,Josh Harrison,pit,sfn,2B,7,6.175,8,3800,1.625,6.175,2,5,9,12,17,26,7.85898,3,6,12.2,15.5,22.2,34.4,5.05,2,4,8,10,14,22,4.0536,0.6982,0.192,0.0282,0.058,0.3424,0.431,0.228,0.0624,0.0352,0.2552279381012129,0.29711861061772254,0.3656419907988289,0.6627606014165515,0.2896660746003553,0.110414052697616,0,0,0,0.6618,0,0,,
593700,Alen Hanson,sfn,pit,2B,6,7.2326,12,3700,1.9547567567567565,7.2326,2,5,11,14,20,28,9.19676,3,6.5,13,18.7,26.25,37.4,5.9132,2,4,8,12,16.1,24,4.0082,0.6844,0.2014,0.0778,0.0666,0.4078,0.4908,0.1814,0.1448,0.0842,0.26920664785199117,0.3022803253330672,0.4147068046409532,0.7169871299740205,0.30878753555211813,0.14550015678896205,0,0,0,0.5838,0,0,,
596103,Austin Slater,sfn,pit,1B,5,7.1368,5,3700,1.928864864864865,7.1368,3,6,10,13,19,26,9.20482,3,6.5,12.7,18.2,25.2,34.403,5.9148,2,4,8,12,16,22,4.1194,0.7554,0.2492,0.0218,0.0586,0.4636,0.4798,0.3472,0.0566,0.033,0.2876305604156726,0.3476719910666602,0.4118551508403584,0.7595271419070186,0.33237767636063514,0.12422459042468581,0,0,0,0.8156,0,0,,
621453,Steven Duggar,sfn,pit,OF,8,5.905,12,3700,1.595945945945946,5.905,2,5,9,12,17,24,7.56188,3,6,12,15.4,22.2,31.9,4.87,2,4,8,10,14,20,3.757,0.5918,0.1984,0.0292,0.055,0.3114,0.3892,0.2854,0.0764,0.0592,0.25187233552252564,0.30870375299441044,0.3733725083534969,0.6820762613479073,0.29905924940111794,0.12150017283097125,0,0,0,0.9366,0,0,,
553869,Elias Diaz,pit,sfn,C,5,6.4034,19,3600,1.7787222222222223,6.4034,2,5,9,12,19,26,8.23166,3,6.2,12.2,15.7,24.9,35.2,5.2756,2,4,8,10,16,22,4.2686,0.7254,0.2132,0.0078,0.0734,0.4298,0.4646,0.221,0.0268,0.018,0.25195177389070067,0.2906807852691749,0.36288170767862443,0.6535624929477993,0.2855526402099049,0.11092993378792376,0,0,0,0.6312,0,0,,
474568,Jordy Mercer,pit,sfn,SS,8,5.7838,2,3400,1.7011176470588236,5.7838,2,5,8,11,17,25,7.42914,3,6,9.5,15.2,22.2,34.101,4.7824,2,4,6,10,14,22,3.9332,0.6254,0.2004,0.026,0.0558,0.3152,0.385,0.3396,0.012,0.0126,0.252560106856634,0.3170954947625343,0.3693788958147819,0.6864743905773162,0.3024367436184277,0.1168187889581479,0,0,0,0.6918,0,0,,
605412,Joe Panik,sfn,pit,2B,7,6.1726,11,3100,1.9911612903225808,6.1726,2,5,9,12,18,24.01,7.93114,3,6.2,12.2,15.5,22.7,32.2,5.082,2,4,8,10,14,20,3.8738,0.6888,0.1956,0.036,0.0556,0.3552,0.4742,0.2552,0.023,0.0146,0.26971757033106725,0.31782745624451436,0.3897639971259603,0.7075914533704747,0.3088960710413547,0.12004642679489308,0,0,0,0.253,0,0,,
